"","state","Rep_12","Dem_12","Other_12","Rep_16","Dem_16","Other_16","total_population","votingAgeCap","total_votes_2012","total_votes_2016","Female_count","age29andunder_count","age65andolder_count","clf_unemploy_count","lesshs_count","lesscollege_count","lesshs_whites_count","lesscollege_whites_count","rural_count","median_hh_inc","Party_12","Party_16","Demographic","Dem_pop"
"1","Alabama",1255925,795696,18732,1318250,729547,75570,4841164,3639505,2070353,2123367,2494971,1898933,742394,406984.552989872,733895.41170026,3672518.76544859,593375.486722219,3491598.79436526,1969261.27762838,38248,"#DC143C","#DC143C","White",3204335
"2","Alabama",1255925,795696,18732,1318250,729547,75570,4841164,3639505,2070353,2123367,2494971,1898933,742394,406984.552989872,733895.41170026,3672518.76544859,593375.486722219,3491598.79436526,1969261.27762838,38248,"#DC143C","#DC143C","Black",1275780
"3","Alabama",1255925,795696,18732,1318250,729547,75570,4841164,3639505,2070353,2123367,2494971,1898933,742394,406984.552989872,733895.41170026,3672518.76544859,593375.486722219,3491598.79436526,1969261.27762838,38248,"#DC143C","#DC143C","Hispanic",193503
"4","Alabama",1255925,795696,18732,1318250,729547,75570,4841164,3639505,2070353,2123367,2494971,1898933,742394,406984.552989872,733895.41170026,3672518.76544859,593375.486722219,3491598.79436526,1969261.27762838,38248,"#DC143C","#DC143C","Nonwhite",1636829
"5","Alabama",1255925,795696,18732,1318250,729547,75570,4841164,3639505,2070353,2123367,2494971,1898933,742394,406984.552989872,733895.41170026,3672518.76544859,593375.486722219,3491598.79436526,1969261.27762838,38248,"#DC143C","#DC143C","Foreign_born",165504
"6","Arizona",1233654,1025232,40368,1252401,1161167,215188,6728577,4613575,2299254,2628756,3384471,2744622,1070151,549259.809194788,928373.858411465,4841907.89513586,403456.354795104,4416870.03239076,669397.380845739,45383,"#DC143C","#DC143C","White",3777876
"7","Arizona",1233654,1025232,40368,1252401,1161167,215188,6728577,4613575,2299254,2628756,3384471,2744622,1070151,549259.809194788,928373.858411465,4841907.89513586,403456.354795104,4416870.03239076,669397.380845739,45383,"#DC143C","#DC143C","Black",270045
"8","Arizona",1233654,1025232,40368,1252401,1161167,215188,6728577,4613575,2299254,2628756,3384471,2744622,1070151,549259.809194788,928373.858411465,4841907.89513586,403456.354795104,4416870.03239076,669397.380845739,45383,"#DC143C","#DC143C","Hispanic",2054849
"9","Arizona",1233654,1025232,40368,1252401,1161167,215188,6728577,4613575,2299254,2628756,3384471,2744622,1070151,549259.809194788,928373.858411465,4841907.89513586,403456.354795104,4416870.03239076,669397.380845739,45383,"#DC143C","#DC143C","Nonwhite",2950701
"10","Arizona",1233654,1025232,40368,1252401,1161167,215188,6728577,4613575,2299254,2628756,3384471,2744622,1070151,549259.809194788,928373.858411465,4841907.89513586,403456.354795104,4416870.03239076,669397.380845739,45383,"#DC143C","#DC143C","Foreign_born",901547.999999998
"11","Arkansas",647744,394409,27315,684872,380494,64530,2968472,2175330,1069468,1129896,1511778,1189060,464987,206900.541550166,439086.525015414,2323849.46080877,351962.049362719,2256364.51055261,1285534.34360561,36352,"#DC143C","#DC143C","White",2177900
"12","Arkansas",647744,394409,27315,684872,380494,64530,2968472,2175330,1069468,1129896,1511778,1189060,464987,206900.541550166,439086.525015414,2323849.46080877,351962.049362719,2256364.51055261,1285534.34360561,36352,"#DC143C","#DC143C","Black",457822
"13","Arkansas",647744,394409,27315,684872,380494,64530,2968472,2175330,1069468,1129896,1511778,1189060,464987,206900.541550166,439086.525015414,2323849.46080877,351962.049362719,2256364.51055261,1285534.34360561,36352,"#DC143C","#DC143C","Hispanic",207049
"14","Arkansas",647744,394409,27315,684872,380494,64530,2968472,2175330,1069468,1129896,1511778,1189060,464987,206900.541550166,439086.525015414,2323849.46080877,351962.049362719,2256364.51055261,1285534.34360561,36352,"#DC143C","#DC143C","Nonwhite",790572
"15","Arkansas",647744,394409,27315,684872,380494,64530,2968472,2175330,1069468,1129896,1511778,1189060,464987,206900.541550166,439086.525015414,2323849.46080877,351962.049362719,2256364.51055261,1285534.34360561,36352,"#DC143C","#DC143C","Foreign_born",139034
"16","California",4839958,7854285,344304,4483810,8753788,943997,38654206,24582600,13038547,14181595,19453236,16018229,4976981.99999999,3426441.85613902,6993850.9964425,26446456.0752481,2211591.24656239,22407805.6134572,1922676.3845938,54707.5,"#00008B","#00008B","White",14837242
"17","California",4839958,7854285,344304,4483810,8753788,943997,38654206,24582600,13038547,14181595,19453236,16018229,4976981.99999999,3426441.85613902,6993850.9964425,26446456.0752481,2211591.24656239,22407805.6134572,1922676.3845938,54707.5,"#00008B","#00008B","Black",2158363
"18","California",4839958,7854285,344304,4483810,8753788,943997,38654206,24582600,13038547,14181595,19453236,16018229,4976981.99999999,3426441.85613902,6993850.9964425,26446456.0752481,2211591.24656239,22407805.6134572,1922676.3845938,54707.5,"#00008B","#00008B","Hispanic",14903982
"19","California",4839958,7854285,344304,4483810,8753788,943997,38654206,24582600,13038547,14181595,19453236,16018229,4976981.99999999,3426441.85613902,6993850.9964425,26446456.0752481,2211591.24656239,22407805.6134572,1922676.3845938,54707.5,"#00008B","#00008B","Nonwhite",23816964
"20","California",4839958,7854285,344304,4483810,8753788,943997,38654206,24582600,13038547,14181595,19453236,16018229,4976981.99999999,3426441.85613902,6993850.9964425,26446456.0752481,2211591.24656239,22407805.6134572,1922676.3845938,54707.5,"#00008B","#00008B","Foreign_born",10437630
"21","Colorado",1185050,1322998,61169,1202484,1338870,238866,5359295,3824445,2569217,2780220,2669659,2168785,678040.000000001,326317.42901762,483684.132870362,3288180.42416173,215765.497419706,2973611.64570676,721092.658607611,49310,"#00008B","#00008B","White",3696127
"22","Colorado",1185050,1322998,61169,1202484,1338870,238866,5359295,3824445,2569217,2780220,2669659,2168785,678040.000000001,326317.42901762,483684.132870362,3288180.42416173,215765.497419706,2973611.64570676,721092.658607611,49310,"#00008B","#00008B","Black",207585
"23","Colorado",1185050,1322998,61169,1202484,1338870,238866,5359295,3824445,2569217,2780220,2669659,2168785,678040.000000001,326317.42901762,483684.132870362,3288180.42416173,215765.497419706,2973611.64570676,721092.658607611,49310,"#00008B","#00008B","Hispanic",1132292
"24","Colorado",1185050,1322998,61169,1202484,1338870,238866,5359295,3824445,2569217,2780220,2669659,2168785,678040.000000001,326317.42901762,483684.132870362,3288180.42416173,215765.497419706,2973611.64570676,721092.658607611,49310,"#00008B","#00008B","Nonwhite",1663168
"25","Colorado",1185050,1322998,61169,1202484,1338870,238866,5359295,3824445,2569217,2780220,2669659,2168785,678040.000000001,326317.42901762,483684.132870362,3288180.42416173,215765.497419706,2973611.64570676,721092.658607611,49310,"#00008B","#00008B","Foreign_born",524444
"26","Connecticut",624210,891674,17661,673215,897572,74133,3588570,2582880,1533545,1644920,1838300,1342757,555023,285953.229756184,353529.935457863,2221284.70556964,222198.997974349,2045946.19496754,426460.134337776,70773,"#00008B","#00008B","White",2464450
"27","Connecticut",624210,891674,17661,673215,897572,74133,3588570,2582880,1533545,1644920,1838300,1342757,555023,285953.229756184,353529.935457863,2221284.70556964,222198.997974349,2045946.19496754,426460.134337776,70773,"#00008B","#00008B","Black",347674.000000001
"28","Connecticut",624210,891674,17661,673215,897572,74133,3588570,2582880,1533545,1644920,1838300,1342757,555023,285953.229756184,353529.935457863,2221284.70556964,222198.997974349,2045946.19496754,426460.134337776,70773,"#00008B","#00008B","Hispanic",537728
"29","Connecticut",624210,891674,17661,673215,897572,74133,3588570,2582880,1533545,1644920,1838300,1342757,555023,285953.229756184,353529.935457863,2221284.70556964,222198.997974349,2045946.19496754,426460.134337776,70773,"#00008B","#00008B","Nonwhite",1124120
"30","Connecticut",624210,891674,17661,673215,897572,74133,3588570,2582880,1533545,1644920,1838300,1342757,555023,285953.229756184,353529.935457863,2221284.70556964,222198.997974349,2045946.19496754,426460.134337776,70773,"#00008B","#00008B","Foreign_born",503209
"31","Delaware",165484,242584,5869,185127,235603,22267,934695,689655,413937,442997,482279,357585,153833,66792.1155601078,104258.855705068,649028.412929441,76208.7479206976,625956.570030132,158893.762557691,55184,"#00008B","#00008B","White",593565
"32","Delaware",165484,242584,5869,185127,235603,22267,934695,689655,413937,442997,482279,357585,153833,66792.1155601078,104258.855705068,649028.412929441,76208.7479206976,625956.570030132,158893.762557691,55184,"#00008B","#00008B","Black",197550
"33","Delaware",165484,242584,5869,185127,235603,22267,934695,689655,413937,442997,482279,357585,153833,66792.1155601078,104258.855705068,649028.412929441,76208.7479206976,625956.570030132,158893.762557691,55184,"#00008B","#00008B","Hispanic",82662
"34","Delaware",165484,242584,5869,185127,235603,22267,934695,689655,413937,442997,482279,357585,153833,66792.1155601078,104258.855705068,649028.412929441,76208.7479206976,625956.570030132,158893.762557691,55184,"#00008B","#00008B","Nonwhite",341130
"35","Delaware",165484,242584,5869,185127,235603,22267,934695,689655,413937,442997,482279,357585,153833,66792.1155601078,104258.855705068,649028.412929441,76208.7479206976,625956.570030132,158893.762557691,55184,"#00008B","#00008B","Foreign_born",82549.9999999999
"36","District of Columbia",21381,267070,5313,12723,282830,15715,659009,494090,293764,311268,346380,274136,75166.0000000001,57560.1529913432,66200.231513379,294180.392376193,4071.63706171805,60551.0597321212,0,72935,"#00008B","#00008B","White",235722
"37","District of Columbia",21381,267070,5313,12723,282830,15715,659009,494090,293764,311268,346380,274136,75166.0000000001,57560.1529913432,66200.231513379,294180.392376193,4071.63706171805,60551.0597321212,0,72935,"#00008B","#00008B","Black",312557
"38","District of Columbia",21381,267070,5313,12723,282830,15715,659009,494090,293764,311268,346380,274136,75166.0000000001,57560.1529913432,66200.231513379,294180.392376193,4071.63706171805,60551.0597321212,0,72935,"#00008B","#00008B","Hispanic",69105.9999999998
"39","District of Columbia",21381,267070,5313,12723,282830,15715,659009,494090,293764,311268,346380,274136,75166.0000000001,57560.1529913432,66200.231513379,294180.392376193,4071.63706171805,60551.0597321212,0,72935,"#00008B","#00008B","Nonwhite",423287
"40","District of Columbia",21381,267070,5313,12723,282830,15715,659009,494090,293764,311268,346380,274136,75166.0000000001,57560.1529913432,66200.231513379,294180.392376193,4071.63706171805,60551.0597321212,0,72935,"#00008B","#00008B","Foreign_born",92513.0000000002
"41","Florida",4163447,4237756,72976,4617886,4504975,297178,19934451,14195900,8474179,9420039,10193189,7139944,3797625,1680342.70940995,2559931.91332296,14358988.9683771,1518291.64429956,13160757.0092191,1728783.16471688,44224,"#00008B","#DC143C","White",11080426
"42","Florida",4163447,4237756,72976,4617886,4504975,297178,19934451,14195900,8474179,9420039,10193189,7139944,3797625,1680342.70940995,2559931.91332296,14358988.9683771,1518291.64429956,13160757.0092191,1728783.16471688,44224,"#00008B","#DC143C","Black",3078918
"43","Florida",4163447,4237756,72976,4617886,4504975,297178,19934451,14195900,8474179,9420039,10193189,7139944,3797625,1680342.70940995,2559931.91332296,14358988.9683771,1518291.64429956,13160757.0092191,1728783.16471688,44224,"#00008B","#DC143C","Hispanic",4806854
"44","Florida",4163447,4237756,72976,4617886,4504975,297178,19934451,14195900,8474179,9420039,10193189,7139944,3797625,1680342.70940995,2559931.91332296,14358988.9683771,1518291.64429956,13160757.0092191,1728783.16471688,44224,"#00008B","#DC143C","Nonwhite",8854025
"45","Florida",4163447,4237756,72976,4617886,4504975,297178,19934451,14195900,8474179,9420039,10193189,7139944,3797625,1680342.70940995,2559931.91332296,14358988.9683771,1518291.64429956,13160757.0092191,1728783.16471688,44224,"#00008B","#DC143C","Foreign_born",3967671
"46","Georgia",2078688,1773827,47535,2089104,1877963,147644,10099320,7063795,3900050,4114711,5176849,4203884,1246295,868655.332150925,1427487.68074776,7127878.6811262,1000641.68096154,6487150.66856119,2449400.71479961,38827,"#DC143C","#DC143C","White",5466239
"47","Georgia",2078688,1773827,47535,2089104,1877963,147644,10099320,7063795,3900050,4114711,5176849,4203884,1246295,868655.332150925,1427487.68074776,7127878.6811262,1000641.68096154,6487150.66856119,2449400.71479961,38827,"#DC143C","#DC143C","Black",3105273
"48","Georgia",2078688,1773827,47535,2089104,1877963,147644,10099320,7063795,3900050,4114711,5176849,4203884,1246295,868655.332150925,1427487.68074776,7127878.6811262,1000641.68096154,6487150.66856119,2449400.71479961,38827,"#DC143C","#DC143C","Hispanic",926990.000000001
"49","Georgia",2078688,1773827,47535,2089104,1877963,147644,10099320,7063795,3900050,4114711,5176849,4203884,1246295,868655.332150925,1427487.68074776,7127878.6811262,1000641.68096154,6487150.66856119,2449400.71479961,38827,"#DC143C","#DC143C","Nonwhite",4633081
"50","Georgia",2078688,1773827,47535,2089104,1877963,147644,10099320,7063795,3900050,4114711,5176849,4203884,1246295,868655.332150925,1427487.68074776,7127878.6811262,1000641.68096154,6487150.66856119,2449400.71479961,38827,"#DC143C","#DC143C","Foreign_born",994628.999999999
"51","Hawaii",120937,306266,7018,128847,266891,33199,1413582,1006640,434221,428937,703756,544370,227592.999999999,78079.6497803747,123468.024731093,969647.53415284,44441.322363959,769456.617598345,114823.12104498,68500.5,"#00008B","#00008B","White",316256
"52","Hawaii",120937,306266,7018,128847,266891,33199,1413582,1006640,434221,428937,703756,544370,227592.999999999,78079.6497803747,123468.024731093,969647.53415284,44441.322363959,769456.617598345,114823.12104498,68500.5,"#00008B","#00008B","Black",23768
"53","Hawaii",120937,306266,7018,128847,266891,33199,1413582,1006640,434221,428937,703756,544370,227592.999999999,78079.6497803747,123468.024731093,969647.53415284,44441.322363959,769456.617598345,114823.12104498,68500.5,"#00008B","#00008B","Hispanic",141824
"54","Hawaii",120937,306266,7018,128847,266891,33199,1413582,1006640,434221,428937,703756,544370,227592.999999999,78079.6497803747,123468.024731093,969647.53415284,44441.322363959,769456.617598345,114823.12104498,68500.5,"#00008B","#00008B","Nonwhite",1097326
"55","Hawaii",120937,306266,7018,128847,266891,33199,1413582,1006640,434221,428937,703756,544370,227592.999999999,78079.6497803747,123468.024731093,969647.53415284,44441.322363959,769456.617598345,114823.12104498,68500.5,"#00008B","#00008B","Foreign_born",253540
"56","Idaho",420911,212787,18576,409055,189765,91613,1635483,1148900,652274,690433,815638,694851,233346,102095.062876358,165265.171597027,1205708.23726397,112956.147110859,1179813.21075692,470230.735215731,44473.5,"#DC143C","#DC143C","White",1355896
"57","Idaho",420911,212787,18576,409055,189765,91613,1635483,1148900,652274,690433,815638,694851,233346,102095.062876358,165265.171597027,1205708.23726397,112956.147110859,1179813.21075692,470230.735215731,44473.5,"#DC143C","#DC143C","Black",9818
"58","Idaho",420911,212787,18576,409055,189765,91613,1635483,1148900,652274,690433,815638,694851,233346,102095.062876358,165265.171597027,1205708.23726397,112956.147110859,1179813.21075692,470230.735215731,44473.5,"#DC143C","#DC143C","Hispanic",195589
"59","Idaho",420911,212787,18576,409055,189765,91613,1635483,1148900,652274,690433,815638,694851,233346,102095.062876358,165265.171597027,1205708.23726397,112956.147110859,1179813.21075692,470230.735215731,44473.5,"#DC143C","#DC143C","Nonwhite",279587
"60","Idaho",420911,212787,18576,409055,189765,91613,1635483,1148900,652274,690433,815638,694851,233346,102095.062876358,165265.171597027,1205708.23726397,112956.147110859,1179813.21075692,470230.735215731,44473.5,"#DC143C","#DC143C","Foreign_born",97736
"61","Illinois",2135102,3019512,87277,2146015,3090729,321963,12851684,9003485,5241891,5558707,6541224,5125405,1784097,1050507.43948093,1498982.67943657,8605849.23549035,799705.10717606,7766285.02532033,1456257.05186251,49025,"#00008B","#00008B","White",7996856
"62","Illinois",2135102,3019512,87277,2146015,3090729,321963,12851684,9003485,5241891,5558707,6541224,5125405,1784097,1050507.43948093,1498982.67943657,8605849.23549035,799705.10717606,7766285.02532033,1456257.05186251,49025,"#00008B","#00008B","Black",1810559
"63","Illinois",2135102,3019512,87277,2146015,3090729,321963,12851684,9003485,5241891,5558707,6541224,5125405,1784097,1050507.43948093,1498982.67943657,8605849.23549035,799705.10717606,7766285.02532033,1456257.05186251,49025,"#00008B","#00008B","Hispanic",2136474
"64","Illinois",2135102,3019512,87277,2146015,3090729,321963,12851684,9003485,5241891,5558707,6541224,5125405,1784097,1050507.43948093,1498982.67943657,8605849.23549035,799705.10717606,7766285.02532033,1456257.05186251,49025,"#00008B","#00008B","Nonwhite",4854828
"65","Illinois",2135102,3019512,87277,2146015,3090729,321963,12851684,9003485,5241891,5558707,6541224,5125405,1784097,1050507.43948093,1498982.67943657,8605849.23549035,799705.10717606,7766285.02532033,1456257.05186251,49025,"#00008B","#00008B","Foreign_born",1791568
"66","Indiana",1420543,1152887,51104,1557286,1033126,144546,6589578,4824565,2624534,2734958,3344256,2674213,940323,456771.28464286,785779.262611938,4952185.23923169,665214.860404732,4857359.56722843,1792704.84190357,48120.5,"#DC143C","#DC143C","White",5284680
"67","Indiana",1420543,1152887,51104,1557286,1033126,144546,6589578,4824565,2624534,2734958,3344256,2674213,940323,456771.28464286,785779.262611938,4952185.23923169,665214.860404732,4857359.56722843,1792704.84190357,48120.5,"#DC143C","#DC143C","Black",599629
"68","Indiana",1420543,1152887,51104,1557286,1033126,144546,6589578,4824565,2624534,2734958,3344256,2674213,940323,456771.28464286,785779.262611938,4952185.23923169,665214.860404732,4857359.56722843,1792704.84190357,48120.5,"#DC143C","#DC143C","Hispanic",429522
"69","Indiana",1420543,1152887,51104,1557286,1033126,144546,6589578,4824565,2624534,2734958,3344256,2674213,940323,456771.28464286,785779.262611938,4952185.23923169,665214.860404732,4857359.56722843,1792704.84190357,48120.5,"#DC143C","#DC143C","Nonwhite",1304898
"70","Indiana",1420543,1152887,51104,1557286,1033126,144546,6589578,4824565,2624534,2734958,3344256,2674213,940323,456771.28464286,785779.262611938,4952185.23923169,665214.860404732,4857359.56722843,1792704.84190357,48120.5,"#DC143C","#DC143C","Foreign_born",324368
"71","Iowa",730617,822544,29019,800983,653669,111379,3106589,2295045,1582180,1566031,1563601,1239835,490781,141151.591620943,255548.394926956,2248932.53010179,196205.376531795,2221966.49099873,1097421.19945891,49942,"#00008B","#DC143C","White",2701600
"72","Iowa",730617,822544,29019,800983,653669,111379,3106589,2295045,1582180,1566031,1563601,1239835,490781,141151.591620943,255548.394926956,2248932.53010179,196205.376531795,2221966.49099873,1097421.19945891,49942,"#00008B","#DC143C","Black",100660
"73","Iowa",730617,822544,29019,800983,653669,111379,3106589,2295045,1582180,1566031,1563601,1239835,490781,141151.591620943,255548.394926956,2248932.53010179,196205.376531795,2221966.49099873,1097421.19945891,49942,"#00008B","#DC143C","Hispanic",172707
"74","Iowa",730617,822544,29019,800983,653669,111379,3106589,2295045,1582180,1566031,1563601,1239835,490781,141151.591620943,255548.394926956,2248932.53010179,196205.376531795,2221966.49099873,1097421.19945891,49942,"#00008B","#DC143C","Nonwhite",404989
"75","Iowa",730617,822544,29019,800983,653669,111379,3106589,2295045,1582180,1566031,1563601,1239835,490781,141151.591620943,255548.394926956,2248932.53010179,196205.376531795,2221966.49099873,1097421.19945891,49942,"#00008B","#DC143C","Foreign_born",151167
"76","Kansas",689809,439908,26537,671018,427005,86380,2898292,2061765,1156254,1184403,1456380,1210799,415527,155293.535650947,283306.923230234,1979934.38967358,186209.842680815,1911605.27497282,731634.454279364,47532,"#DC143C","#DC143C","White",2227043
"77","Kansas",689809,439908,26537,671018,427005,86380,2898292,2061765,1156254,1184403,1456380,1210799,415527,155293.535650947,283306.923230234,1979934.38967358,186209.842680815,1911605.27497282,731634.454279364,47532,"#DC143C","#DC143C","Black",163121
"78","Kansas",689809,439908,26537,671018,427005,86380,2898292,2061765,1156254,1184403,1456380,1210799,415527,155293.535650947,283306.923230234,1979934.38967358,186209.842680815,1911605.27497282,731634.454279364,47532,"#DC143C","#DC143C","Hispanic",327739
"79","Kansas",689809,439908,26537,671018,427005,86380,2898292,2061765,1156254,1184403,1456380,1210799,415527,155293.535650947,283306.923230234,1979934.38967358,186209.842680815,1911605.27497282,731634.454279364,47532,"#DC143C","#DC143C","Nonwhite",671249
"80","Kansas",689809,439908,26537,671018,427005,86380,2898292,2061765,1156254,1184403,1456380,1210799,415527,155293.535650947,283306.923230234,1979934.38967358,186209.842680815,1911605.27497282,731634.454279364,47532,"#DC143C","#DC143C","Foreign_born",200769
"81","Kentucky",1087190,679370,30652,1202971,628854,92324,4411989,3313780,1797212,1924149,2239244,1725300,653000,343643.41177772,673757.113694697,3403194.228599,633313.121320486,3351296.62145498,1810825.38230422,39753,"#DC143C","#DC143C","White",3766346
"82","Kentucky",1087190,679370,30652,1202971,628854,92324,4411989,3313780,1797212,1924149,2239244,1725300,653000,343643.41177772,673757.113694697,3403194.228599,633313.121320486,3351296.62145498,1810825.38230422,39753,"#DC143C","#DC143C","Black",345715
"83","Kentucky",1087190,679370,30652,1202971,628854,92324,4411989,3313780,1797212,1924149,2239244,1725300,653000,343643.41177772,673757.113694697,3403194.228599,633313.121320486,3351296.62145498,1810825.38230422,39753,"#DC143C","#DC143C","Hispanic",146945
"84","Kentucky",1087190,679370,30652,1202971,628854,92324,4411989,3313780,1797212,1924149,2239244,1725300,653000,343643.41177772,673757.113694697,3403194.228599,633313.121320486,3351296.62145498,1810825.38230422,39753,"#DC143C","#DC143C","Nonwhite",645643
"85","Kentucky",1087190,679370,30652,1202971,628854,92324,4411989,3313780,1797212,1924149,2239244,1725300,653000,343643.41177772,673757.113694697,3403194.228599,633313.121320486,3351296.62145498,1810825.38230422,39753,"#DC143C","#DC143C","Foreign_born",154143
"86","Louisiana",1152262,809141,32662,1178638,780154,70240,4645670,3432025,1994065,2029032,2373986,1919300,633725,359715.161358292,750373.185457647,3578269.48638439,533055.559329629,3296173.64976405,1226202.83774742,40793,"#DC143C","#DC143C","White",2754643
"87","Louisiana",1152262,809141,32662,1178638,780154,70240,4645670,3432025,1994065,2029032,2373986,1919300,633725,359715.161358292,750373.185457647,3578269.48638439,533055.559329629,3296173.64976405,1226202.83774742,40793,"#DC143C","#DC143C","Black",1483906
"88","Louisiana",1152262,809141,32662,1178638,780154,70240,4645670,3432025,1994065,2029032,2373986,1919300,633725,359715.161358292,750373.185457647,3578269.48638439,533055.559329629,3296173.64976405,1226202.83774742,40793,"#DC143C","#DC143C","Hispanic",223408
"89","Louisiana",1152262,809141,32662,1178638,780154,70240,4645670,3432025,1994065,2029032,2373986,1919300,633725,359715.161358292,750373.185457647,3578269.48638439,533055.559329629,3296173.64976405,1226202.83774742,40793,"#DC143C","#DC143C","Nonwhite",1891027
"90","Louisiana",1152262,809141,32662,1178638,780154,70240,4645670,3432025,1994065,2029032,2373986,1919300,633725,359715.161358292,750373.185457647,3578269.48638439,533055.559329629,3296173.64976405,1226202.83774742,40793,"#DC143C","#DC143C","Foreign_born",187580
"91","Maine",291418,399235,19473,334945,354718,54278,1329923,1051865,710126,743941,678579,450087,242251,80694.6298805712,107474.423487405,939982.95940624,102344.546558222,937550.896294296,812705.932864346,47025,"#00008B","#00008B","White",1246606
"92","Maine",291418,399235,19473,334945,354718,54278,1329923,1051865,710126,743941,678579,450087,242251,80694.6298805712,107474.423487405,939982.95940624,102344.546558222,937550.896294296,812705.932864346,47025,"#00008B","#00008B","Black",15472
"93","Maine",291418,399235,19473,334945,354718,54278,1329923,1051865,710126,743941,678579,450087,242251,80694.6298805712,107474.423487405,939982.95940624,102344.546558222,937550.896294296,812705.932864346,47025,"#00008B","#00008B","Hispanic",19772
"94","Maine",291418,399235,19473,334945,354718,54278,1329923,1051865,710126,743941,678579,450087,242251,80694.6298805712,107474.423487405,939982.95940624,102344.546558222,937550.896294296,812705.932864346,47025,"#00008B","#00008B","Nonwhite",83317
"95","Maine",291418,399235,19473,334945,354718,54278,1329923,1051865,710126,743941,678579,450087,242251,80694.6298805712,107474.423487405,939982.95940624,102344.546558222,937550.896294296,812705.932864346,47025,"#00008B","#00008B","Foreign_born",47651
"96","Maryland",971869,1677844,57614,943169,1677928,160349,5959902,4212250,2707327,2781446,3073168,2322028,820050,402720.479691907,619464.611080457,3672690.14625814,407291.839765462,3211436.3985528,755436.091847245,68463.5,"#00008B","#00008B","White",3128390
"97","Maryland",971869,1677844,57614,943169,1677928,160349,5959902,4212250,2707327,2781446,3073168,2322028,820050,402720.479691907,619464.611080457,3672690.14625814,407291.839765462,3211436.3985528,755436.091847245,68463.5,"#00008B","#00008B","Black",1738618
"98","Maryland",971869,1677844,57614,943169,1677928,160349,5959902,4212250,2707327,2781446,3073168,2322028,820050,402720.479691907,619464.611080457,3672690.14625814,407291.839765462,3211436.3985528,755436.091847245,68463.5,"#00008B","#00008B","Hispanic",550145.999999999
"99","Maryland",971869,1677844,57614,943169,1677928,160349,5959902,4212250,2707327,2781446,3073168,2322028,820050,402720.479691907,619464.611080457,3672690.14625814,407291.839765462,3211436.3985528,755436.091847245,68463.5,"#00008B","#00008B","Nonwhite",2831512
"100","Maryland",971869,1677844,57614,943169,1677928,160349,5959902,4212250,2707327,2781446,3073168,2322028,820050,402720.479691907,619464.611080457,3672690.14625814,407291.839765462,3211436.3985528,755436.091847245,68463.5,"#00008B","#00008B","Foreign_born",874332.000000001
"101","Massachusetts",1188314,1921290,58163,1090893,1995196,188466,6742143,4887320,3167767,3274555,3472772,2571459,1016679,458687.827228781,673091.755347174,3966955.2007351,443496.468455863,3715374.3618239,533976.0897889,64458,"#00008B","#00008B","White",4970011
"102","Massachusetts",1188314,1921290,58163,1090893,1995196,188466,6742143,4887320,3167767,3274555,3472772,2571459,1016679,458687.827228781,673091.755347174,3966955.2007351,443496.468455863,3715374.3618239,533976.0897889,64458,"#00008B","#00008B","Black",443182
"103","Massachusetts",1188314,1921290,58163,1090893,1995196,188466,6742143,4887320,3167767,3274555,3472772,2571459,1016679,458687.827228781,673091.755347174,3966955.2007351,443496.468455863,3715374.3618239,533976.0897889,64458,"#00008B","#00008B","Hispanic",731739.000000001
"104","Massachusetts",1188314,1921290,58163,1090893,1995196,188466,6742143,4887320,3167767,3274555,3472772,2571459,1016679,458687.827228781,673091.755347174,3966955.2007351,443496.468455863,3715374.3618239,533976.0897889,64458,"#00008B","#00008B","Nonwhite",1772132
"105","Massachusetts",1188314,1921290,58163,1090893,1995196,188466,6742143,4887320,3167767,3274555,3472772,2571459,1016679,458687.827228781,673091.755347174,3966955.2007351,443496.468455863,3715374.3618239,533976.0897889,64458,"#00008B","#00008B","Foreign_born",1061461
"106","Michigan",2115256,2564569,51136,2279543,2268839,250902,9909600,7408635,4730961,4799284,5039715,3843674,1527698,855391.690853221,1002377.05529532,7176594.23891731,830054.412384449,7011678.14743151,2508346.88961855,43373,"#00008B","#DC143C","White",7503076
"107","Michigan",2115256,2564569,51136,2279543,2268839,250902,9909600,7408635,4730961,4799284,5039715,3843674,1527698,855391.690853221,1002377.05529532,7176594.23891731,830054.412384449,7011678.14743151,2508346.88961855,43373,"#00008B","#DC143C","Black",1361993
"108","Michigan",2115256,2564569,51136,2279543,2268839,250902,9909600,7408635,4730961,4799284,5039715,3843674,1527698,855391.690853221,1002377.05529532,7176594.23891731,830054.412384449,7011678.14743151,2508346.88961855,43373,"#00008B","#DC143C","Hispanic",474381
"109","Michigan",2115256,2564569,51136,2279543,2268839,250902,9909600,7408635,4730961,4799284,5039715,3843674,1527698,855391.690853221,1002377.05529532,7176594.23891731,830054.412384449,7011678.14743151,2508346.88961855,43373,"#00008B","#DC143C","Nonwhite",2406524
"110","Michigan",2115256,2564569,51136,2279543,2268839,250902,9909600,7408635,4730961,4799284,5039715,3843674,1527698,855391.690853221,1002377.05529532,7176594.23891731,830054.412384449,7011678.14743151,2508346.88961855,43373,"#00008B","#DC143C","Foreign_born",632482
"111","Minnesota",1320225,1546167,70169,1322951,1367716,254146,5450868,3980480,2936561,2944813,2740711,2154225,779405,264786.40290116,401647.404736562,3583152.65157161,256787.692396778,3454455.07665939,1427617.56462439,53059,"#00008B","#00008B","White",4432384
"112","Minnesota",1320225,1546167,70169,1322951,1367716,254146,5450868,3980480,2936561,2944813,2740711,2154225,779405,264786.40290116,401647.404736562,3583152.65157161,256787.692396778,3454455.07665939,1427617.56462439,53059,"#00008B","#00008B","Black",305402.999999999
"113","Minnesota",1320225,1546167,70169,1322951,1367716,254146,5450868,3980480,2936561,2944813,2740711,2154225,779405,264786.40290116,401647.404736562,3583152.65157161,256787.692396778,3454455.07665939,1427617.56462439,53059,"#00008B","#00008B","Hispanic",276026
"114","Minnesota",1320225,1546167,70169,1322951,1367716,254146,5450868,3980480,2936561,2944813,2740711,2154225,779405,264786.40290116,401647.404736562,3583152.65157161,256787.692396778,3454455.07665939,1427617.56462439,53059,"#00008B","#00008B","Nonwhite",1018484
"115","Minnesota",1320225,1546167,70169,1322951,1367716,254146,5450868,3980480,2936561,2944813,2740711,2154225,779405,264786.40290116,401647.404736562,3583152.65157161,256787.692396778,3454455.07665939,1427617.56462439,53059,"#00008B","#00008B","Foreign_born",426690.999999999
"116","Mississippi",710746,562949,11889,700714,485131,23512,2989192,2217760,1285584,1209357,1538923,1235812,426632,292173.478456009,508299.18693431,2355433.92518118,374581.45480244,2212144.55878083,1500565.55072293,34761.5,"#DC143C","#DC143C","White",1710126
"117","Mississippi",710746,562949,11889,700714,485131,23512,2989192,2217760,1285584,1209357,1538923,1235812,426632,292173.478456009,508299.18693431,2355433.92518118,374581.45480244,2212144.55878083,1500565.55072293,34761.5,"#DC143C","#DC143C","Black",1117387
"118","Mississippi",710746,562949,11889,700714,485131,23512,2989192,2217760,1285584,1209357,1538923,1235812,426632,292173.478456009,508299.18693431,2355433.92518118,374581.45480244,2212144.55878083,1500565.55072293,34761.5,"#DC143C","#DC143C","Hispanic",86704
"119","Mississippi",710746,562949,11889,700714,485131,23512,2989192,2217760,1285584,1209357,1538923,1235812,426632,292173.478456009,508299.18693431,2355433.92518118,374581.45480244,2212144.55878083,1500565.55072293,34761.5,"#DC143C","#DC143C","Nonwhite",1279066
"120","Mississippi",710746,562949,11889,700714,485131,23512,2989192,2217760,1285584,1209357,1538923,1235812,426632,292173.478456009,508299.18693431,2355433.92518118,374581.45480244,2212144.55878083,1500565.55072293,34761.5,"#DC143C","#DC143C","Foreign_born",67330
"121","Missouri",1452931,1118126,49453,1569857,973333,135590,6059651,4547870,2620510,2678780,3086334,2388608,929934,403964.239319565,673542.164664664,4379288.28517713,571985.099941856,4224297.73386124,1774212.92529111,41351,"#DC143C","#DC143C","White",4850569
"122","Missouri",1452931,1118126,49453,1569857,973333,135590,6059651,4547870,2620510,2678780,3086334,2388608,929934,403964.239319565,673542.164664664,4379288.28517713,571985.099941856,4224297.73386124,1774212.92529111,41351,"#DC143C","#DC143C","Black",696649
"123","Missouri",1452931,1118126,49453,1569857,973333,135590,6059651,4547870,2620510,2678780,3086334,2388608,929934,403964.239319565,673542.164664664,4379288.28517713,571985.099941856,4224297.73386124,1774212.92529111,41351,"#DC143C","#DC143C","Hispanic",237284
"124","Missouri",1452931,1118126,49453,1569857,973333,135590,6059651,4547870,2620510,2678780,3086334,2388608,929934,403964.239319565,673542.164664664,4379288.28517713,571985.099941856,4224297.73386124,1774212.92529111,41351,"#DC143C","#DC143C","Nonwhite",1209082
"125","Missouri",1452931,1118126,49453,1569857,973333,135590,6059651,4547870,2620510,2678780,3086334,2388608,929934,403964.239319565,673542.164664664,4379288.28517713,571985.099941856,4224297.73386124,1774212.92529111,41351,"#DC143C","#DC143C","Foreign_born",236079
"126","Montana",267928,201839,14165,279240,177709,40198,1023391,789490,483932,497147,509200,388660,170868,58821.8881544883,72646.470059332,715431.022642741,64852.5494962115,703232.967980947,448542.628929715,44389.5,"#DC143C","#DC143C","White",888635
"127","Montana",267928,201839,14165,279240,177709,40198,1023391,789490,483932,497147,509200,388660,170868,58821.8881544883,72646.470059332,715431.022642741,64852.5494962115,703232.967980947,448542.628929715,44389.5,"#DC143C","#DC143C","Black",3948
"128","Montana",267928,201839,14165,279240,177709,40198,1023391,789490,483932,497147,509200,388660,170868,58821.8881544883,72646.470059332,715431.022642741,64852.5494962115,703232.967980947,448542.628929715,44389.5,"#DC143C","#DC143C","Hispanic",34841
"129","Montana",267928,201839,14165,279240,177709,40198,1023391,789490,483932,497147,509200,388660,170868,58821.8881544883,72646.470059332,715431.022642741,64852.5494962115,703232.967980947,448542.628929715,44389.5,"#DC143C","#DC143C","Nonwhite",134756
"130","Montana",267928,201839,14165,279240,177709,40198,1023391,789490,483932,497147,509200,388660,170868,58821.8881544883,72646.470059332,715431.022642741,64852.5494962115,703232.967980947,448542.628929715,44389.5,"#DC143C","#DC143C","Foreign_born",20912
"131","Nebraska",475064,302081,17234,495961,284454,63772,1881259,1341015,794379,844187,945324,781774,271498,78484.5226301627,175285.691928328,1312731.33787906,101314.517115297,1267647.86025001,489542.549204366,49943,"#DC143C","#DC143C","White",1511352
"132","Nebraska",475064,302081,17234,495961,284454,63772,1881259,1341015,794379,844187,945324,781774,271498,78484.5226301627,175285.691928328,1312731.33787906,101314.517115297,1267647.86025001,489542.549204366,49943,"#DC143C","#DC143C","Black",85910.9999999998
"133","Nebraska",475064,302081,17234,495961,284454,63772,1881259,1341015,794379,844187,945324,781774,271498,78484.5226301627,175285.691928328,1312731.33787906,101314.517115297,1267647.86025001,489542.549204366,49943,"#DC143C","#DC143C","Hispanic",191802
"134","Nebraska",475064,302081,17234,495961,284454,63772,1881259,1341015,794379,844187,945324,781774,271498,78484.5226301627,175285.691928328,1312731.33787906,101314.517115297,1267647.86025001,489542.549204366,49943,"#DC143C","#DC143C","Nonwhite",369907
"135","Nebraska",475064,302081,17234,495961,284454,63772,1881259,1341015,794379,844187,945324,781774,271498,78484.5226301627,175285.691928328,1312731.33787906,101314.517115297,1267647.86025001,489542.549204366,49943,"#DC143C","#DC143C","Foreign_born",126533
"136","Nevada",463567,531373,19978,512058,539260,74067,2839172,1902290,1014918,1125385,1412850,1122459,400855,264878.070386498,414614.645661377,2180675.09468876,200006.309829323,2050387.3501641,159680.916751909,52629,"#00008B","#00008B","White",1455508
"137","Nevada",463567,531373,19978,512058,539260,74067,2839172,1902290,1014918,1125385,1412850,1122459,400855,264878.070386498,414614.645661377,2180675.09468876,200006.309829323,2050387.3501641,159680.916751909,52629,"#00008B","#00008B","Black",233440
"138","Nevada",463567,531373,19978,512058,539260,74067,2839172,1902290,1014918,1125385,1412850,1122459,400855,264878.070386498,414614.645661377,2180675.09468876,200006.309829323,2050387.3501641,159680.916751909,52629,"#00008B","#00008B","Hispanic",790496.999999999
"139","Nevada",463567,531373,19978,512058,539260,74067,2839172,1902290,1014918,1125385,1412850,1122459,400855,264878.070386498,414614.645661377,2180675.09468876,200006.309829323,2050387.3501641,159680.916751909,52629,"#00008B","#00008B","Nonwhite",1383664
"140","Nevada",463567,531373,19978,512058,539260,74067,2839172,1902290,1014918,1125385,1412850,1122459,400855,264878.070386498,414614.645661377,2180675.09468876,200006.309829323,2050387.3501641,159680.916751909,52629,"#00008B","#00008B","Foreign_born",547695.999999999
"141","New Hampshire",329918,369561,11452,345790,348526,49980,1327503,1027635,710931,744296,670996,473811,210385,67288.5049298368,98681.3081840989,856088.453182291,91231.6875817076,856271.638964554,524720.292901279,59849.5,"#00008B","#00008B","White",1211271
"142","New Hampshire",329918,369561,11452,345790,348526,49980,1327503,1027635,710931,744296,670996,473811,210385,67288.5049298368,98681.3081840989,856088.453182291,91231.6875817076,856271.638964554,524720.292901279,59849.5,"#00008B","#00008B","Black",15565
"143","New Hampshire",329918,369561,11452,345790,348526,49980,1327503,1027635,710931,744296,670996,473811,210385,67288.5049298368,98681.3081840989,856088.453182291,91231.6875817076,856271.638964554,524720.292901279,59849.5,"#00008B","#00008B","Hispanic",43500
"144","New Hampshire",329918,369561,11452,345790,348526,49980,1327503,1027635,710931,744296,670996,473811,210385,67288.5049298368,98681.3081840989,856088.453182291,91231.6875817076,856271.638964554,524720.292901279,59849.5,"#00008B","#00008B","Nonwhite",116232
"145","New Hampshire",329918,369561,11452,345790,348526,49980,1327503,1027635,710931,744296,670996,473811,210385,67288.5049298368,98681.3081840989,856088.453182291,91231.6875817076,856271.638964554,524720.292901279,59849.5,"#00008B","#00008B","Foreign_born",77063
"146","New Jersey",1477568,2125101,37623,1601933,2148278,123835,8915456,6087275,3640292,3874046,4564925,3372688,1312291,702736.619950892,994084.300390156,5583166.11702508,610690.754183009,5117080.98742963,464505.188441765,72999,"#00008B","#00008B","White",5054611
"147","New Jersey",1477568,2125101,37623,1601933,2148278,123835,8915456,6087275,3640292,3874046,4564925,3372688,1312291,702736.619950892,994084.300390156,5583166.11702508,610690.754183009,5117080.98742963,464505.188441765,72999,"#00008B","#00008B","Black",1133918
"148","New Jersey",1477568,2125101,37623,1601933,2148278,123835,8915456,6087275,3640292,3874046,4564925,3372688,1312291,702736.619950892,994084.300390156,5583166.11702508,610690.754183009,5117080.98742963,464505.188441765,72999,"#00008B","#00008B","Hispanic",1719831
"149","New Jersey",1477568,2125101,37623,1601933,2148278,123835,8915456,6087275,3640292,3874046,4564925,3372688,1312291,702736.619950892,994084.300390156,5583166.11702508,610690.754183009,5117080.98742963,464505.188441765,72999,"#00008B","#00008B","Nonwhite",3860845
"150","New Jersey",1477568,2125101,37623,1601933,2148278,123835,8915456,6087275,3640292,3874046,4564925,3372688,1312291,702736.619950892,994084.300390156,5583166.11702508,610690.754183009,5117080.98742963,464505.188441765,72999,"#00008B","#00008B","Foreign_born",1943338
"151","New Mexico",335788,415335,32635,319667,385234,93418,2082669,1464245,783758,798319,1051229,848931,318286,178886.941354796,325356.675237658,1534188.23355348,119700.483407853,1267709.57017655,464476.213080501,36160,"#00008B","#00008B","White",805603
"152","New Mexico",335788,415335,32635,319667,385234,93418,2082669,1464245,783758,798319,1051229,848931,318286,178886.941354796,325356.675237658,1534188.23355348,119700.483407853,1267709.57017655,464476.213080501,36160,"#00008B","#00008B","Black",37318
"153","New Mexico",335788,415335,32635,319667,385234,93418,2082669,1464245,783758,798319,1051229,848931,318286,178886.941354796,325356.675237658,1534188.23355348,119700.483407853,1267709.57017655,464476.213080501,36160,"#00008B","#00008B","Hispanic",995831
"154","New Mexico",335788,415335,32635,319667,385234,93418,2082669,1464245,783758,798319,1051229,848931,318286,178886.941354796,325356.675237658,1534188.23355348,119700.483407853,1267709.57017655,464476.213080501,36160,"#00008B","#00008B","Nonwhite",1277066
"155","New Mexico",335788,415335,32635,319667,385234,93418,2082669,1464245,783758,798319,1051229,848931,318286,178886.941354796,325356.675237658,1534188.23355348,119700.483407853,1267709.57017655,464476.213080501,36160,"#00008B","#00008B","Foreign_born",201343
"156","New York",2223397,4324228,514300,2814589,4547562,345212,19697457,13605855,7061925,7707363,10142327,7659802,2893801,1492445.45867082,2788048.4794419,12909608.4052916,1559876.25936058,11204215.394196,2331185.68167168,51827,"#00008B","#00008B","White",11111314
"157","New York",2223397,4324228,514300,2814589,4547562,345212,19697457,13605855,7061925,7707363,10142327,7659802,2893801,1492445.45867082,2788048.4794419,12909608.4052916,1559876.25936058,11204215.394196,2331185.68167168,51827,"#00008B","#00008B","Black",2829883
"158","New York",2223397,4324228,514300,2814589,4547562,345212,19697457,13605855,7061925,7707363,10142327,7659802,2893801,1492445.45867082,2788048.4794419,12909608.4052916,1559876.25936058,11204215.394196,2331185.68167168,51827,"#00008B","#00008B","Hispanic",3661929
"159","New York",2223397,4324228,514300,2814589,4547562,345212,19697457,13605855,7061925,7707363,10142327,7659802,2893801,1492445.45867082,2788048.4794419,12909608.4052916,1559876.25936058,11204215.394196,2331185.68167168,51827,"#00008B","#00008B","Nonwhite",8586143
"160","New York",2223397,4324228,514300,2814589,4547562,345212,19697457,13605855,7061925,7707363,10142327,7659802,2893801,1492445.45867082,2788048.4794419,12909608.4052916,1559876.25936058,11204215.394196,2331185.68167168,51827,"#00008B","#00008B","Foreign_born",4442247
"161","North Carolina",2270395,2178391,56586,2362631,2189316,189617,9940828,7203800,4505372,4741564,5106236,3910938,1459330,839240.44860871,1351565.10897986,7038449.82947645,931702.983454644,6563783.44911521,3289930.11394632,41031,"#DC143C","#DC143C","White",6361438
"162","North Carolina",2270395,2178391,56586,2362631,2189316,189617,9940828,7203800,4505372,4741564,5106236,3910938,1459330,839240.44860871,1351565.10897986,7038449.82947645,931702.983454644,6563783.44911521,3289930.11394632,41031,"#DC143C","#DC143C","Black",2104597
"163","North Carolina",2270395,2178391,56586,2362631,2189316,189617,9940828,7203800,4505372,4741564,5106236,3910938,1459330,839240.44860871,1351565.10897986,7038449.82947645,931702.983454644,6563783.44911521,3289930.11394632,41031,"#DC143C","#DC143C","Hispanic",884763
"164","North Carolina",2270395,2178391,56586,2362631,2189316,189617,9940828,7203800,4505372,4741564,5106236,3910938,1459330,839240.44860871,1351565.10897986,7038449.82947645,931702.983454644,6563783.44911521,3289930.11394632,41031,"#DC143C","#DC143C","Nonwhite",3579390
"165","North Carolina",2270395,2178391,56586,2362631,2189316,189617,9940828,7203800,4505372,4741564,5106236,3910938,1459330,839240.44860871,1351565.10897986,7038449.82947645,931702.983454644,6563783.44911521,3289930.11394632,41031,"#DC143C","#DC143C","Foreign_born",767656
"166","North Dakota",188320,124966,9646,216794,93758,33808,736162,555685,322932,344360,359183,315055,104745,20732.9735196752,58110.030309149,526954.397433515,50597.4231324555,520460.756046156,290399.71878806,55900,"#DC143C","#DC143C","White",635834
"167","North Dakota",188320,124966,9646,216794,93758,33808,736162,555685,322932,344360,359183,315055,104745,20732.9735196752,58110.030309149,526954.397433515,50597.4231324555,520460.756046156,290399.71878806,55900,"#DC143C","#DC143C","Black",14492
"168","North Dakota",188320,124966,9646,216794,93758,33808,736162,555685,322932,344360,359183,315055,104745,20732.9735196752,58110.030309149,526954.397433515,50597.4231324555,520460.756046156,290399.71878806,55900,"#DC143C","#DC143C","Hispanic",22997
"169","North Dakota",188320,124966,9646,216794,93758,33808,736162,555685,322932,344360,359183,315055,104745,20732.9735196752,58110.030309149,526954.397433515,50597.4231324555,520460.756046156,290399.71878806,55900,"#DC143C","#DC143C","Nonwhite",100328
"170","North Dakota",188320,124966,9646,216794,93758,33808,736162,555685,322932,344360,359183,315055,104745,20732.9735196752,58110.030309149,526954.397433515,50597.4231324555,520460.756046156,290399.71878806,55900,"#DC143C","#DC143C","Foreign_born",24364
"171","Ohio",2661407,2827621,91794,2841005,2394164,261318,11586941,8734140,5580822,5496487,5913048,4488640,1796337,843790.574440392,1218019.00868899,8484490.38887314,1051320.13103968,8258521.84052764,2540299.95562181,48462,"#00008B","#DC143C","White",9265123
"172","Ohio",2661407,2827621,91794,2841005,2394164,261318,11586941,8734140,5580822,5496487,5913048,4488640,1796337,843790.574440392,1218019.00868899,8484490.38887314,1051320.13103968,8258521.84052764,2540299.95562181,48462,"#00008B","#DC143C","Black",1402423
"173","Ohio",2661407,2827621,91794,2841005,2394164,261318,11586941,8734140,5580822,5496487,5913048,4488640,1796337,843790.574440392,1218019.00868899,8484490.38887314,1051320.13103968,8258521.84052764,2540299.95562181,48462,"#00008B","#DC143C","Hispanic",400932
"174","Ohio",2661407,2827621,91794,2841005,2394164,261318,11586941,8734140,5580822,5496487,5913048,4488640,1796337,843790.574440392,1218019.00868899,8484490.38887314,1051320.13103968,8258521.84052764,2540299.95562181,48462,"#00008B","#DC143C","Nonwhite",2321818
"175","Ohio",2661407,2827621,91794,2841005,2394164,261318,11586941,8734140,5580822,5496487,5913048,4488640,1796337,843790.574440392,1218019.00868899,8484490.38887314,1051320.13103968,8258521.84052764,2540299.95562181,48462,"#00008B","#DC143C","Foreign_born",484708
"176","Oklahoma",891325,443547,0,949136,420375,83481,3875589,2787660,1334872,1452992,1955594,1609291,561885,234238.214068915,492232.076226472,2920856.12892709,376204.149296478,2816936.84756904,1285831.56083614,44331,"#DC143C","#DC143C","White",2593871
"177","Oklahoma",891325,443547,0,949136,420375,83481,3875589,2787660,1334872,1452992,1955594,1609291,561885,234238.214068915,492232.076226472,2920856.12892709,376204.149296478,2816936.84756904,1285831.56083614,44331,"#DC143C","#DC143C","Black",276559
"178","Oklahoma",891325,443547,0,949136,420375,83481,3875589,2787660,1334872,1452992,1955594,1609291,561885,234238.214068915,492232.076226472,2920856.12892709,376204.149296478,2816936.84756904,1285831.56083614,44331,"#DC143C","#DC143C","Hispanic",381467
"179","Oklahoma",891325,443547,0,949136,420375,83481,3875589,2787660,1334872,1452992,1955594,1609291,561885,234238.214068915,492232.076226472,2920856.12892709,376204.149296478,2816936.84756904,1285831.56083614,44331,"#DC143C","#DC143C","Nonwhite",1281718
"180","Oklahoma",891325,443547,0,949136,420375,83481,3875589,2787660,1334872,1452992,1955594,1609291,561885,234238.214068915,492232.076226472,2920856.12892709,376204.149296478,2816936.84756904,1285831.56083614,44331,"#DC143C","#DC143C","Foreign_born",225516
"181","Oregon",754175,970488,64607,782403,1002106,216827,3982267,2911325,1789270,2001336,2010755,1498397,634574,324945.267599631,400760.165727458,2729537.86104169,261641.385891959,2645961.97877859,744598.251383519,45393,"#00008B","#00008B","White",3066467
"182","Oregon",754175,970488,64607,782403,1002106,216827,3982267,2911325,1789270,2001336,2010755,1498397,634574,324945.267599631,400760.165727458,2729537.86104169,261641.385891959,2645961.97877859,744598.251383519,45393,"#00008B","#00008B","Black",70359
"183","Oregon",754175,970488,64607,782403,1002106,216827,3982267,2911325,1789270,2001336,2010755,1498397,634574,324945.267599631,400760.165727458,2729537.86104169,261641.385891959,2645961.97877859,744598.251383519,45393,"#00008B","#00008B","Hispanic",494806
"184","Oregon",754175,970488,64607,782403,1002106,216827,3982267,2911325,1789270,2001336,2010755,1498397,634574,324945.267599631,400760.165727458,2729537.86104169,261641.385891959,2645961.97877859,744598.251383519,45393,"#00008B","#00008B","Nonwhite",915800
"185","Oregon",754175,970488,64607,782403,1002106,216827,3982267,2911325,1789270,2001336,2010755,1498397,634574,324945.267599631,400760.165727458,2729537.86104169,261641.385891959,2645961.97877859,744598.251383519,45393,"#00008B","#00008B","Foreign_born",390613
"186","Pennsylvania",2707187,2963521,71332,2970733,2926441,218228,12783977,9725830,5742040,6115402,6528935,4779397,2133247,926908.955396929,1344566.07578947,9027648.68786834,1083691.98224255,8713412.38607116,2702028.00948053,49028,"#00008B","#DC143C","White",9934801
"187","Pennsylvania",2707187,2963521,71332,2970733,2926441,218228,12783977,9725830,5742040,6115402,6528935,4779397,2133247,926908.955396929,1344566.07578947,9027648.68786834,1083691.98224255,8713412.38607116,2702028.00948053,49028,"#00008B","#DC143C","Black",1353424
"188","Pennsylvania",2707187,2963521,71332,2970733,2926441,218228,12783977,9725830,5742040,6115402,6528935,4779397,2133247,926908.955396929,1344566.07578947,9027648.68786834,1083691.98224255,8713412.38607116,2702028.00948053,49028,"#00008B","#DC143C","Hispanic",843163.999999999
"189","Pennsylvania",2707187,2963521,71332,2970733,2926441,218228,12783977,9725830,5742040,6115402,6528935,4779397,2133247,926908.955396929,1344566.07578947,9027648.68786834,1083691.98224255,8713412.38607116,2702028.00948053,49028,"#00008B","#DC143C","Nonwhite",2849176
"190","Pennsylvania",2707187,2963521,71332,2970733,2926441,218228,12783977,9725830,5742040,6115402,6528935,4779397,2133247,926908.955396929,1344566.07578947,9027648.68786834,1083691.98224255,8713412.38607116,2702028.00948053,49028,"#00008B","#DC143C","Foreign_born",818363
"191","Rhode Island",157151,279409,9159,180490,251888,31038,1054491,780250,445719,463416,543194,401936,166517,81659.1402856735,138613.157330823,713075.174118067,107924.439767837,687876.482312111,97448.1932334778,71347,"#00008B","#00008B","White",780278
"192","Rhode Island",157151,279409,9159,180490,251888,31038,1054491,780250,445719,463416,543194,401936,166517,81659.1402856735,138613.157330823,713075.174118067,107924.439767837,687876.482312111,97448.1932334778,71347,"#00008B","#00008B","Black",57348
"193","Rhode Island",157151,279409,9159,180490,251888,31038,1054491,780250,445719,463416,543194,401936,166517,81659.1402856735,138613.157330823,713075.174118067,107924.439767837,687876.482312111,97448.1932334778,71347,"#00008B","#00008B","Hispanic",148375
"194","Rhode Island",157151,279409,9159,180490,251888,31038,1054491,780250,445719,463416,543194,401936,166517,81659.1402856735,138613.157330823,713075.174118067,107924.439767837,687876.482312111,97448.1932334778,71347,"#00008B","#00008B","Nonwhite",274213
"195","Rhode Island",157151,279409,9159,180490,251888,31038,1054491,780250,445719,463416,543194,401936,166517,81659.1402856735,138613.157330823,713075.174118067,107924.439767837,687876.482312111,97448.1932334778,71347,"#00008B","#00008B","Foreign_born",142663
"196","South Carolina",1071645,865941,26532,1155389,855373,92265,4834605,3620835,1964118,2103027,2486267,1886258,761680,408989.152604469,673827.485621821,3553076.4455093,499153.240324023,3322013.86966697,1597010.45244015,40312.5,"#DC143C","#DC143C","White",3087207
"197","South Carolina",1071645,865941,26532,1155389,855373,92265,4834605,3620835,1964118,2103027,2486267,1886258,761680,408989.152604469,673827.485621821,3553076.4455093,499153.240324023,3322013.86966697,1597010.45244015,40312.5,"#DC143C","#DC143C","Black",1311344
"198","South Carolina",1071645,865941,26532,1155389,855373,92265,4834605,3620835,1964118,2103027,2486267,1886258,761680,408989.152604469,673827.485621821,3553076.4455093,499153.240324023,3322013.86966697,1597010.45244015,40312.5,"#DC143C","#DC143C","Hispanic",258361
"199","South Carolina",1071645,865941,26532,1155389,855373,92265,4834605,3620835,1964118,2103027,2486267,1886258,761680,408989.152604469,673827.485621821,3553076.4455093,499153.240324023,3322013.86966697,1597010.45244015,40312.5,"#DC143C","#DC143C","Nonwhite",1747398
"200","South Carolina",1071645,865941,26532,1155389,855373,92265,4834605,3620835,1964118,2103027,2486267,1886258,761680,408989.152604469,673827.485621821,3553076.4455093,499153.240324023,3322013.86966697,1597010.45244015,40312.5,"#DC143C","#DC143C","Foreign_born",230716
"201","South Dakota",210422,142102,8146,227480,114948,24760,836795,618215,360670,367188,415551,342153,128309,33779.3415962474,72444.1387086313,603783.653564125,56690.3324541704,591260.310070451,351281.155376181,49859,"#DC143C","#DC143C","White",704847
"202","South Dakota",210422,142102,8146,227480,114948,24760,836795,618215,360670,367188,415551,342153,128309,33779.3415962474,72444.1387086313,603783.653564125,56690.3324541704,591260.310070451,351281.155376181,49859,"#DC143C","#DC143C","Black",13645
"203","South Dakota",210422,142102,8146,227480,114948,24760,836795,618215,360670,367188,415551,342153,128309,33779.3415962474,72444.1387086313,603783.653564125,56690.3324541704,591260.310070451,351281.155376181,49859,"#DC143C","#DC143C","Hispanic",28693
"204","South Dakota",210422,142102,8146,227480,114948,24760,836795,618215,360670,367188,415551,342153,128309,33779.3415962474,72444.1387086313,603783.653564125,56690.3324541704,591260.310070451,351281.155376181,49859,"#DC143C","#DC143C","Nonwhite",131948
"205","South Dakota",210422,142102,8146,227480,114948,24760,836795,618215,360670,367188,415551,342153,128309,33779.3415962474,72444.1387086313,603783.653564125,56690.3324541704,591260.310070451,351281.155376181,49859,"#DC143C","#DC143C","Foreign_born",27163
"206","Tennessee",1462330,960709,35538,1522925,870695,114407,6548009,4876600,2458577,2508027,3356032,2556614,984449,498232.911369076,910269.355044524,4872838.29575812,744479.662234717,4643117.40055012,2170751.46141634,39728,"#DC143C","#DC143C","White",4879669
"207","Tennessee",1462330,960709,35538,1522925,870695,114407,6548009,4876600,2458577,2508027,3356032,2556614,984449,498232.911369076,910269.355044524,4872838.29575812,744479.662234717,4643117.40055012,2170751.46141634,39728,"#DC143C","#DC143C","Black",1092491
"208","Tennessee",1462330,960709,35538,1522925,870695,114407,6548009,4876600,2458577,2508027,3356032,2556614,984449,498232.911369076,910269.355044524,4872838.29575812,744479.662234717,4643117.40055012,2170751.46141634,39728,"#DC143C","#DC143C","Hispanic",327345
"209","Tennessee",1462330,960709,35538,1522925,870695,114407,6548009,4876600,2458577,2508027,3356032,2556614,984449,498232.911369076,910269.355044524,4872838.29575812,744479.662234717,4643117.40055012,2170751.46141634,39728,"#DC143C","#DC143C","Nonwhite",1668340
"210","Tennessee",1462330,960709,35538,1522925,870695,114407,6548009,4876600,2458577,2508027,3356032,2556614,984449,498232.911369076,910269.355044524,4872838.29575812,744479.662234717,4643117.40055012,2170751.46141634,39728,"#DC143C","#DC143C","Foreign_born",315319
"211","Texas",4569843,3308124,115884,4685047,3877868,406311,26956435,17177620,7993851,8969226,13577270,11840066,3096567,1748019.01762048,4813242.44794018,19400116.210329,1746820.17964163,16624416.2741885,4015158.20856125,46454.5,"#DC143C","#DC143C","White",11705684
"212","Texas",4569843,3308124,115884,4685047,3877868,406311,26956435,17177620,7993851,8969226,13577270,11840066,3096567,1748019.01762048,4813242.44794018,19400116.210329,1746820.17964163,16624416.2741885,4015158.20856125,46454.5,"#DC143C","#DC143C","Black",3134962
"213","Texas",4569843,3308124,115884,4685047,3877868,406311,26956435,17177620,7993851,8969226,13577270,11840066,3096567,1748019.01762048,4813242.44794018,19400116.210329,1746820.17964163,16624416.2741885,4015158.20856125,46454.5,"#DC143C","#DC143C","Hispanic",10413150
"214","Texas",4569843,3308124,115884,4685047,3877868,406311,26956435,17177620,7993851,8969226,13577270,11840066,3096567,1748019.01762048,4813242.44794018,19400116.210329,1746820.17964163,16624416.2741885,4015158.20856125,46454.5,"#DC143C","#DC143C","Nonwhite",15250751
"215","Texas",4569843,3308124,115884,4685047,3877868,406311,26956435,17177620,7993851,8969226,13577270,11840066,3096567,1748019.01762048,4813242.44794018,19400116.210329,1746820.17964163,16624416.2741885,4015158.20856125,46454.5,"#DC143C","#DC143C","Foreign_born",4494345
"216","Utah",740600,251813,25027,515231,310676,305523,2948427,1903500,1017440,1131430,1465372,1457860,295342,149596.423090837,246321.520154249,2007522.2067688,137805.536573178,1930608.36079973,273974.472384909,52865,"#DC143C","#DC143C","White",2339279
"217","Utah",740600,251813,25027,515231,310676,305523,2948427,1903500,1017440,1131430,1465372,1457860,295342,149596.423090837,246321.520154249,2007522.2067688,137805.536573178,1930608.36079973,273974.472384909,52865,"#DC143C","#DC143C","Black",30243
"218","Utah",740600,251813,25027,515231,310676,305523,2948427,1903500,1017440,1131430,1465372,1457860,295342,149596.423090837,246321.520154249,2007522.2067688,137805.536573178,1930608.36079973,273974.472384909,52865,"#DC143C","#DC143C","Hispanic",397915
"219","Utah",740600,251813,25027,515231,310676,305523,2948427,1903500,1017440,1131430,1465372,1457860,295342,149596.423090837,246321.520154249,2007522.2067688,137805.536573178,1930608.36079973,273974.472384909,52865,"#DC143C","#DC143C","Nonwhite",609147.999999999
"220","Utah",740600,251813,25027,515231,310676,305523,2948427,1903500,1017440,1131430,1465372,1457860,295342,149596.423090837,246321.520154249,2007522.2067688,137805.536573178,1930608.36079973,273974.472384909,52865,"#DC143C","#DC143C","Foreign_born",244784
"221","Vermont",92698,199239,7353,95369,178573,41135,626249,493535,299290,315077,317538,224884,106193,31210.0074470424,50469.6885720127,397827.357438413,47244.0217372527,397011.837868906,381331.207320301,53789.5,"#00008B","#00008B","White",585154
"222","Vermont",92698,199239,7353,95369,178573,41135,626249,493535,299290,315077,317538,224884,106193,31210.0074470424,50469.6885720127,397827.357438413,47244.0217372527,397011.837868906,381331.207320301,53789.5,"#00008B","#00008B","Black",7050
"223","Vermont",92698,199239,7353,95369,178573,41135,626249,493535,299290,315077,317538,224884,106193,31210.0074470424,50469.6885720127,397827.357438413,47244.0217372527,397011.837868906,381331.207320301,53789.5,"#00008B","#00008B","Hispanic",10900
"224","Vermont",92698,199239,7353,95369,178573,41135,626249,493535,299290,315077,317538,224884,106193,31210.0074470424,50469.6885720127,397827.357438413,47244.0217372527,397011.837868906,381331.207320301,53789.5,"#00008B","#00008B","Nonwhite",41095
"225","Vermont",92698,199239,7353,95369,178573,41135,626249,493535,299290,315077,317538,224884,106193,31210.0074470424,50469.6885720127,397827.357438413,47244.0217372527,397011.837868906,381331.207320301,53789.5,"#00008B","#00008B","Foreign_born",27555
"226","Virginia",1820995,1970595,60094,1769443,1981473,233715,8310301,5998900,3851684,3984631,4224018,3269724,1144817,503383.848982781,937787.562182039,5234860.16783696,631177.564064905,4784274.75729863,1991141.80527144,49639,"#00008B","#00008B","White",5245259
"227","Virginia",1820995,1970595,60094,1769443,1981473,233715,8310301,5998900,3851684,3984631,4224018,3269724,1144817,503383.848982781,937787.562182039,5234860.16783696,631177.564064905,4784274.75729863,1991141.80527144,49639,"#00008B","#00008B","Black",1568053
"228","Virginia",1820995,1970595,60094,1769443,1981473,233715,8310301,5998900,3851684,3984631,4224018,3269724,1144817,503383.848982781,937787.562182039,5234860.16783696,631177.564064905,4784274.75729863,1991141.80527144,49639,"#00008B","#00008B","Hispanic",725092
"229","Virginia",1820995,1970595,60094,1769443,1981473,233715,8310301,5998900,3851684,3984631,4224018,3269724,1144817,503383.848982781,937787.562182039,5234860.16783696,631177.564064905,4784274.75729863,1991141.80527144,49639,"#00008B","#00008B","Nonwhite",3065042
"230","Virginia",1820995,1970595,60094,1769443,1981473,233715,8310301,5998900,3851684,3984631,4224018,3269724,1144817,503383.848982781,937787.562182039,5234860.16783696,631177.564064905,4784274.75729863,1991141.80527144,49639,"#00008B","#00008B","Foreign_born",986495
"231","Washington",1290670,1755396,79450,1221747,1742718,244749,7073146,5008030,3125516,3209214,3543715,2783030,992841.999999999,490993.378914147,677515.805884357,4718994.41430324,403455.609206737,4555488.37507683,1107902.02613602,50145,"#00008B","#00008B","White",4978375
"232","Washington",1290670,1755396,79450,1221747,1742718,244749,7073146,5008030,3125516,3209214,3543715,2783030,992841.999999999,490993.378914147,677515.805884357,4718994.41430324,403455.609206737,4555488.37507683,1107902.02613602,50145,"#00008B","#00008B","Black",246909
"233","Washington",1290670,1755396,79450,1221747,1742718,244749,7073146,5008030,3125516,3209214,3543715,2783030,992841.999999999,490993.378914147,677515.805884357,4718994.41430324,403455.609206737,4555488.37507683,1107902.02613602,50145,"#00008B","#00008B","Hispanic",854275
"234","Washington",1290670,1755396,79450,1221747,1742718,244749,7073146,5008030,3125516,3209214,3543715,2783030,992841.999999999,490993.378914147,677515.805884357,4718994.41430324,403455.609206737,4555488.37507683,1107902.02613602,50145,"#00008B","#00008B","Nonwhite",2094771
"235","Washington",1290670,1755396,79450,1221747,1742718,244749,7073146,5008030,3125516,3209214,3543715,2783030,992841.999999999,490993.378914147,677515.805884357,4718994.41430324,403455.609206737,4555488.37507683,1107902.02613602,50145,"#00008B","#00008B","Foreign_born",957185
"236","West Virginia",417655,238269,14516,489371,188794,34886,1846092,1453210,670440,713051,933822,657591,328124,141758.373704369,268997.027534389,1480784.29712645,269178.907454747,1482913.12520497,941179.794967167,39381,"#DC143C","#DC143C","White",1706156
"237","West Virginia",417655,238269,14516,489371,188794,34886,1846092,1453210,670440,713051,933822,657591,328124,141758.373704369,268997.027534389,1480784.29712645,269178.907454747,1482913.12520497,941179.794967167,39381,"#DC143C","#DC143C","Black",62385
"238","West Virginia",417655,238269,14516,489371,188794,34886,1846092,1453210,670440,713051,933822,657591,328124,141758.373704369,268997.027534389,1480784.29712645,269178.907454747,1482913.12520497,941179.794967167,39381,"#DC143C","#DC143C","Hispanic",26247
"239","West Virginia",417655,238269,14516,489371,188794,34886,1846092,1453210,670440,713051,933822,657591,328124,141758.373704369,268997.027534389,1480784.29712645,269178.907454747,1482913.12520497,941179.794967167,39381,"#DC143C","#DC143C","Nonwhite",139936
"240","West Virginia",417655,238269,14516,489371,188794,34886,1846092,1453210,670440,713051,933822,657591,328124,141758.373704369,268997.027534389,1480784.29712645,269178.907454747,1482913.12520497,941179.794967167,39381,"#DC143C","#DC143C","Foreign_born",28908
"241","Wisconsin",1410966,1620985,39483,1404440,1381823,189490,5754798,4313285,3071434,2975753,2895743,2221833,875220,319903.23732184,497832.407330197,4112644.96010388,365012.746344339,3990383.30903566,1704051.37123417,51411.5,"#00008B","#DC143C","White",4727553
"242","Wisconsin",1410966,1620985,39483,1404440,1381823,189490,5754798,4313285,3071434,2975753,2895743,2221833,875220,319903.23732184,497832.407330197,4112644.96010388,365012.746344339,3990383.30903566,1704051.37123417,51411.5,"#00008B","#DC143C","Black",355387
"243","Wisconsin",1410966,1620985,39483,1404440,1381823,189490,5754798,4313285,3071434,2975753,2895743,2221833,875220,319903.23732184,497832.407330197,4112644.96010388,365012.746344339,3990383.30903566,1704051.37123417,51411.5,"#00008B","#DC143C","Hispanic",371205
"244","Wisconsin",1410966,1620985,39483,1404440,1381823,189490,5754798,4313285,3071434,2975753,2895743,2221833,875220,319903.23732184,497832.407330197,4112644.96010388,365012.746344339,3990383.30903566,1704051.37123417,51411.5,"#00008B","#DC143C","Nonwhite",1027245
"245","Wisconsin",1410966,1620985,39483,1404440,1381823,189490,5754798,4313285,3071434,2975753,2895743,2221833,875220,319903.23732184,497832.407330197,4112644.96010388,365012.746344339,3990383.30903566,1704051.37123417,51411.5,"#00008B","#DC143C","Foreign_born",277238
"246","Wyoming",170962,69286,8813,174419,55973,25457,583029,432375,249061,255849,285338,236650,80707.0000000001,28797.39677706,44311.0697992047,430931.68498239,33348.1716727358,421454.866630075,203656.580744948,55640,"#DC143C","#DC143C","White",491859
"247","Wyoming",170962,69286,8813,174419,55973,25457,583029,432375,249061,255849,285338,236650,80707.0000000001,28797.39677706,44311.0697992047,430931.68498239,33348.1716727358,421454.866630075,203656.580744948,55640,"#DC143C","#DC143C","Black",6176
"248","Wyoming",170962,69286,8813,174419,55973,25457,583029,432375,249061,255849,285338,236650,80707.0000000001,28797.39677706,44311.0697992047,430931.68498239,33348.1716727358,421454.866630075,203656.580744948,55640,"#DC143C","#DC143C","Hispanic",56386.0000000001
"249","Wyoming",170962,69286,8813,174419,55973,25457,583029,432375,249061,255849,285338,236650,80707.0000000001,28797.39677706,44311.0697992047,430931.68498239,33348.1716727358,421454.866630075,203656.580744948,55640,"#DC143C","#DC143C","Nonwhite",91170
"250","Wyoming",170962,69286,8813,174419,55973,25457,583029,432375,249061,255849,285338,236650,80707.0000000001,28797.39677706,44311.0697992047,430931.68498239,33348.1716727358,421454.866630075,203656.580744948,55640,"#DC143C","#DC143C","Foreign_born",20712
