"","state","total_population","votingAgeCap","total_votes_2012","total_votes_2016","White","Black","Hispanic","Nonwhite","Foreign_born","Female_count","age29andunder_count","age65andolder_count","clf_unemploy_count","lesshs_count","lesscollege_count","lesshs_whites_count","lesscollege_whites_count","rural_count","median_hh_inc","Party_12","Party_16","Party_Name","Vote_Count","Year"
"1","Alabama",4841164,3639505,2070353,2123367,3204335,1275780,193503,1636829,165504,2494971,1898933,742394,406984.552989872,733895.41170026,3672518.76544859,593375.486722219,3491598.79436526,1969261.27762838,38248,"#DC143C","#DC143C","REP",1255925,2012
"2","Alabama",4841164,3639505,2070353,2123367,3204335,1275780,193503,1636829,165504,2494971,1898933,742394,406984.552989872,733895.41170026,3672518.76544859,593375.486722219,3491598.79436526,1969261.27762838,38248,"#DC143C","#DC143C","DEM",795696,2012
"3","Alabama",4841164,3639505,2070353,2123367,3204335,1275780,193503,1636829,165504,2494971,1898933,742394,406984.552989872,733895.41170026,3672518.76544859,593375.486722219,3491598.79436526,1969261.27762838,38248,"#DC143C","#DC143C","OTH",18732,2012
"4","Alabama",4841164,3639505,2070353,2123367,3204335,1275780,193503,1636829,165504,2494971,1898933,742394,406984.552989872,733895.41170026,3672518.76544859,593375.486722219,3491598.79436526,1969261.27762838,38248,"#DC143C","#DC143C","REP",1318250,2016
"5","Alabama",4841164,3639505,2070353,2123367,3204335,1275780,193503,1636829,165504,2494971,1898933,742394,406984.552989872,733895.41170026,3672518.76544859,593375.486722219,3491598.79436526,1969261.27762838,38248,"#DC143C","#DC143C","DEM",729547,2016
"6","Alabama",4841164,3639505,2070353,2123367,3204335,1275780,193503,1636829,165504,2494971,1898933,742394,406984.552989872,733895.41170026,3672518.76544859,593375.486722219,3491598.79436526,1969261.27762838,38248,"#DC143C","#DC143C","OTH",75570,2016
"7","Arizona",6728577,4613575,2299254,2628756,3777876,270045,2054849,2950701,901547.999999998,3384471,2744622,1070151,549259.809194788,928373.858411465,4841907.89513586,403456.354795104,4416870.03239076,669397.380845739,45383,"#DC143C","#DC143C","REP",1233654,2012
"8","Arizona",6728577,4613575,2299254,2628756,3777876,270045,2054849,2950701,901547.999999998,3384471,2744622,1070151,549259.809194788,928373.858411465,4841907.89513586,403456.354795104,4416870.03239076,669397.380845739,45383,"#DC143C","#DC143C","DEM",1025232,2012
"9","Arizona",6728577,4613575,2299254,2628756,3777876,270045,2054849,2950701,901547.999999998,3384471,2744622,1070151,549259.809194788,928373.858411465,4841907.89513586,403456.354795104,4416870.03239076,669397.380845739,45383,"#DC143C","#DC143C","OTH",40368,2012
"10","Arizona",6728577,4613575,2299254,2628756,3777876,270045,2054849,2950701,901547.999999998,3384471,2744622,1070151,549259.809194788,928373.858411465,4841907.89513586,403456.354795104,4416870.03239076,669397.380845739,45383,"#DC143C","#DC143C","REP",1252401,2016
"11","Arizona",6728577,4613575,2299254,2628756,3777876,270045,2054849,2950701,901547.999999998,3384471,2744622,1070151,549259.809194788,928373.858411465,4841907.89513586,403456.354795104,4416870.03239076,669397.380845739,45383,"#DC143C","#DC143C","DEM",1161167,2016
"12","Arizona",6728577,4613575,2299254,2628756,3777876,270045,2054849,2950701,901547.999999998,3384471,2744622,1070151,549259.809194788,928373.858411465,4841907.89513586,403456.354795104,4416870.03239076,669397.380845739,45383,"#DC143C","#DC143C","OTH",215188,2016
"13","Arkansas",2968472,2175330,1069468,1129896,2177900,457822,207049,790572,139034,1511778,1189060,464987,206900.541550166,439086.525015414,2323849.46080877,351962.049362719,2256364.51055261,1285534.34360561,36352,"#DC143C","#DC143C","REP",647744,2012
"14","Arkansas",2968472,2175330,1069468,1129896,2177900,457822,207049,790572,139034,1511778,1189060,464987,206900.541550166,439086.525015414,2323849.46080877,351962.049362719,2256364.51055261,1285534.34360561,36352,"#DC143C","#DC143C","DEM",394409,2012
"15","Arkansas",2968472,2175330,1069468,1129896,2177900,457822,207049,790572,139034,1511778,1189060,464987,206900.541550166,439086.525015414,2323849.46080877,351962.049362719,2256364.51055261,1285534.34360561,36352,"#DC143C","#DC143C","OTH",27315,2012
"16","Arkansas",2968472,2175330,1069468,1129896,2177900,457822,207049,790572,139034,1511778,1189060,464987,206900.541550166,439086.525015414,2323849.46080877,351962.049362719,2256364.51055261,1285534.34360561,36352,"#DC143C","#DC143C","REP",684872,2016
"17","Arkansas",2968472,2175330,1069468,1129896,2177900,457822,207049,790572,139034,1511778,1189060,464987,206900.541550166,439086.525015414,2323849.46080877,351962.049362719,2256364.51055261,1285534.34360561,36352,"#DC143C","#DC143C","DEM",380494,2016
"18","Arkansas",2968472,2175330,1069468,1129896,2177900,457822,207049,790572,139034,1511778,1189060,464987,206900.541550166,439086.525015414,2323849.46080877,351962.049362719,2256364.51055261,1285534.34360561,36352,"#DC143C","#DC143C","OTH",64530,2016
"19","California",38654206,24582600,13038547,14181595,14837242,2158363,14903982,23816964,10437630,19453236,16018229,4976981.99999999,3426441.85613902,6993850.9964425,26446456.0752481,2211591.24656239,22407805.6134572,1922676.3845938,54707.5,"#00008B","#00008B","REP",4839958,2012
"20","California",38654206,24582600,13038547,14181595,14837242,2158363,14903982,23816964,10437630,19453236,16018229,4976981.99999999,3426441.85613902,6993850.9964425,26446456.0752481,2211591.24656239,22407805.6134572,1922676.3845938,54707.5,"#00008B","#00008B","DEM",7854285,2012
"21","California",38654206,24582600,13038547,14181595,14837242,2158363,14903982,23816964,10437630,19453236,16018229,4976981.99999999,3426441.85613902,6993850.9964425,26446456.0752481,2211591.24656239,22407805.6134572,1922676.3845938,54707.5,"#00008B","#00008B","OTH",344304,2012
"22","California",38654206,24582600,13038547,14181595,14837242,2158363,14903982,23816964,10437630,19453236,16018229,4976981.99999999,3426441.85613902,6993850.9964425,26446456.0752481,2211591.24656239,22407805.6134572,1922676.3845938,54707.5,"#00008B","#00008B","REP",4483810,2016
"23","California",38654206,24582600,13038547,14181595,14837242,2158363,14903982,23816964,10437630,19453236,16018229,4976981.99999999,3426441.85613902,6993850.9964425,26446456.0752481,2211591.24656239,22407805.6134572,1922676.3845938,54707.5,"#00008B","#00008B","DEM",8753788,2016
"24","California",38654206,24582600,13038547,14181595,14837242,2158363,14903982,23816964,10437630,19453236,16018229,4976981.99999999,3426441.85613902,6993850.9964425,26446456.0752481,2211591.24656239,22407805.6134572,1922676.3845938,54707.5,"#00008B","#00008B","OTH",943997,2016
"25","Colorado",5359295,3824445,2569217,2780220,3696127,207585,1132292,1663168,524444,2669659,2168785,678040.000000001,326317.42901762,483684.132870362,3288180.42416173,215765.497419706,2973611.64570676,721092.658607611,49310,"#00008B","#00008B","REP",1185050,2012
"26","Colorado",5359295,3824445,2569217,2780220,3696127,207585,1132292,1663168,524444,2669659,2168785,678040.000000001,326317.42901762,483684.132870362,3288180.42416173,215765.497419706,2973611.64570676,721092.658607611,49310,"#00008B","#00008B","DEM",1322998,2012
"27","Colorado",5359295,3824445,2569217,2780220,3696127,207585,1132292,1663168,524444,2669659,2168785,678040.000000001,326317.42901762,483684.132870362,3288180.42416173,215765.497419706,2973611.64570676,721092.658607611,49310,"#00008B","#00008B","OTH",61169,2012
"28","Colorado",5359295,3824445,2569217,2780220,3696127,207585,1132292,1663168,524444,2669659,2168785,678040.000000001,326317.42901762,483684.132870362,3288180.42416173,215765.497419706,2973611.64570676,721092.658607611,49310,"#00008B","#00008B","REP",1202484,2016
"29","Colorado",5359295,3824445,2569217,2780220,3696127,207585,1132292,1663168,524444,2669659,2168785,678040.000000001,326317.42901762,483684.132870362,3288180.42416173,215765.497419706,2973611.64570676,721092.658607611,49310,"#00008B","#00008B","DEM",1338870,2016
"30","Colorado",5359295,3824445,2569217,2780220,3696127,207585,1132292,1663168,524444,2669659,2168785,678040.000000001,326317.42901762,483684.132870362,3288180.42416173,215765.497419706,2973611.64570676,721092.658607611,49310,"#00008B","#00008B","OTH",238866,2016
"31","Connecticut",3588570,2582880,1533545,1644920,2464450,347674.000000001,537728,1124120,503209,1838300,1342757,555023,285953.229756184,353529.935457863,2221284.70556964,222198.997974349,2045946.19496754,426460.134337776,70773,"#00008B","#00008B","REP",624210,2012
"32","Connecticut",3588570,2582880,1533545,1644920,2464450,347674.000000001,537728,1124120,503209,1838300,1342757,555023,285953.229756184,353529.935457863,2221284.70556964,222198.997974349,2045946.19496754,426460.134337776,70773,"#00008B","#00008B","DEM",891674,2012
"33","Connecticut",3588570,2582880,1533545,1644920,2464450,347674.000000001,537728,1124120,503209,1838300,1342757,555023,285953.229756184,353529.935457863,2221284.70556964,222198.997974349,2045946.19496754,426460.134337776,70773,"#00008B","#00008B","OTH",17661,2012
"34","Connecticut",3588570,2582880,1533545,1644920,2464450,347674.000000001,537728,1124120,503209,1838300,1342757,555023,285953.229756184,353529.935457863,2221284.70556964,222198.997974349,2045946.19496754,426460.134337776,70773,"#00008B","#00008B","REP",673215,2016
"35","Connecticut",3588570,2582880,1533545,1644920,2464450,347674.000000001,537728,1124120,503209,1838300,1342757,555023,285953.229756184,353529.935457863,2221284.70556964,222198.997974349,2045946.19496754,426460.134337776,70773,"#00008B","#00008B","DEM",897572,2016
"36","Connecticut",3588570,2582880,1533545,1644920,2464450,347674.000000001,537728,1124120,503209,1838300,1342757,555023,285953.229756184,353529.935457863,2221284.70556964,222198.997974349,2045946.19496754,426460.134337776,70773,"#00008B","#00008B","OTH",74133,2016
"37","Delaware",934695,689655,413937,442997,593565,197550,82662,341130,82549.9999999999,482279,357585,153833,66792.1155601078,104258.855705068,649028.412929441,76208.7479206976,625956.570030132,158893.762557691,55184,"#00008B","#00008B","REP",165484,2012
"38","Delaware",934695,689655,413937,442997,593565,197550,82662,341130,82549.9999999999,482279,357585,153833,66792.1155601078,104258.855705068,649028.412929441,76208.7479206976,625956.570030132,158893.762557691,55184,"#00008B","#00008B","DEM",242584,2012
"39","Delaware",934695,689655,413937,442997,593565,197550,82662,341130,82549.9999999999,482279,357585,153833,66792.1155601078,104258.855705068,649028.412929441,76208.7479206976,625956.570030132,158893.762557691,55184,"#00008B","#00008B","OTH",5869,2012
"40","Delaware",934695,689655,413937,442997,593565,197550,82662,341130,82549.9999999999,482279,357585,153833,66792.1155601078,104258.855705068,649028.412929441,76208.7479206976,625956.570030132,158893.762557691,55184,"#00008B","#00008B","REP",185127,2016
"41","Delaware",934695,689655,413937,442997,593565,197550,82662,341130,82549.9999999999,482279,357585,153833,66792.1155601078,104258.855705068,649028.412929441,76208.7479206976,625956.570030132,158893.762557691,55184,"#00008B","#00008B","DEM",235603,2016
"42","Delaware",934695,689655,413937,442997,593565,197550,82662,341130,82549.9999999999,482279,357585,153833,66792.1155601078,104258.855705068,649028.412929441,76208.7479206976,625956.570030132,158893.762557691,55184,"#00008B","#00008B","OTH",22267,2016
"43","District of Columbia",659009,494090,293764,311268,235722,312557,69105.9999999998,423287,92513.0000000002,346380,274136,75166.0000000001,57560.1529913432,66200.231513379,294180.392376193,4071.63706171805,60551.0597321212,0,72935,"#00008B","#00008B","REP",21381,2012
"44","District of Columbia",659009,494090,293764,311268,235722,312557,69105.9999999998,423287,92513.0000000002,346380,274136,75166.0000000001,57560.1529913432,66200.231513379,294180.392376193,4071.63706171805,60551.0597321212,0,72935,"#00008B","#00008B","DEM",267070,2012
"45","District of Columbia",659009,494090,293764,311268,235722,312557,69105.9999999998,423287,92513.0000000002,346380,274136,75166.0000000001,57560.1529913432,66200.231513379,294180.392376193,4071.63706171805,60551.0597321212,0,72935,"#00008B","#00008B","OTH",5313,2012
"46","District of Columbia",659009,494090,293764,311268,235722,312557,69105.9999999998,423287,92513.0000000002,346380,274136,75166.0000000001,57560.1529913432,66200.231513379,294180.392376193,4071.63706171805,60551.0597321212,0,72935,"#00008B","#00008B","REP",12723,2016
"47","District of Columbia",659009,494090,293764,311268,235722,312557,69105.9999999998,423287,92513.0000000002,346380,274136,75166.0000000001,57560.1529913432,66200.231513379,294180.392376193,4071.63706171805,60551.0597321212,0,72935,"#00008B","#00008B","DEM",282830,2016
"48","District of Columbia",659009,494090,293764,311268,235722,312557,69105.9999999998,423287,92513.0000000002,346380,274136,75166.0000000001,57560.1529913432,66200.231513379,294180.392376193,4071.63706171805,60551.0597321212,0,72935,"#00008B","#00008B","OTH",15715,2016
"49","Florida",19934451,14195900,8474179,9420039,11080426,3078918,4806854,8854025,3967671,10193189,7139944,3797625,1680342.70940995,2559931.91332296,14358988.9683771,1518291.64429956,13160757.0092191,1728783.16471688,44224,"#00008B","#DC143C","REP",4163447,2012
"50","Florida",19934451,14195900,8474179,9420039,11080426,3078918,4806854,8854025,3967671,10193189,7139944,3797625,1680342.70940995,2559931.91332296,14358988.9683771,1518291.64429956,13160757.0092191,1728783.16471688,44224,"#00008B","#DC143C","DEM",4237756,2012
"51","Florida",19934451,14195900,8474179,9420039,11080426,3078918,4806854,8854025,3967671,10193189,7139944,3797625,1680342.70940995,2559931.91332296,14358988.9683771,1518291.64429956,13160757.0092191,1728783.16471688,44224,"#00008B","#DC143C","OTH",72976,2012
"52","Florida",19934451,14195900,8474179,9420039,11080426,3078918,4806854,8854025,3967671,10193189,7139944,3797625,1680342.70940995,2559931.91332296,14358988.9683771,1518291.64429956,13160757.0092191,1728783.16471688,44224,"#00008B","#DC143C","REP",4617886,2016
"53","Florida",19934451,14195900,8474179,9420039,11080426,3078918,4806854,8854025,3967671,10193189,7139944,3797625,1680342.70940995,2559931.91332296,14358988.9683771,1518291.64429956,13160757.0092191,1728783.16471688,44224,"#00008B","#DC143C","DEM",4504975,2016
"54","Florida",19934451,14195900,8474179,9420039,11080426,3078918,4806854,8854025,3967671,10193189,7139944,3797625,1680342.70940995,2559931.91332296,14358988.9683771,1518291.64429956,13160757.0092191,1728783.16471688,44224,"#00008B","#DC143C","OTH",297178,2016
"55","Georgia",10099320,7063795,3900050,4114711,5466239,3105273,926990.000000001,4633081,994628.999999999,5176849,4203884,1246295,868655.332150925,1427487.68074776,7127878.6811262,1000641.68096154,6487150.66856119,2449400.71479961,38827,"#DC143C","#DC143C","REP",2078688,2012
"56","Georgia",10099320,7063795,3900050,4114711,5466239,3105273,926990.000000001,4633081,994628.999999999,5176849,4203884,1246295,868655.332150925,1427487.68074776,7127878.6811262,1000641.68096154,6487150.66856119,2449400.71479961,38827,"#DC143C","#DC143C","DEM",1773827,2012
"57","Georgia",10099320,7063795,3900050,4114711,5466239,3105273,926990.000000001,4633081,994628.999999999,5176849,4203884,1246295,868655.332150925,1427487.68074776,7127878.6811262,1000641.68096154,6487150.66856119,2449400.71479961,38827,"#DC143C","#DC143C","OTH",47535,2012
"58","Georgia",10099320,7063795,3900050,4114711,5466239,3105273,926990.000000001,4633081,994628.999999999,5176849,4203884,1246295,868655.332150925,1427487.68074776,7127878.6811262,1000641.68096154,6487150.66856119,2449400.71479961,38827,"#DC143C","#DC143C","REP",2089104,2016
"59","Georgia",10099320,7063795,3900050,4114711,5466239,3105273,926990.000000001,4633081,994628.999999999,5176849,4203884,1246295,868655.332150925,1427487.68074776,7127878.6811262,1000641.68096154,6487150.66856119,2449400.71479961,38827,"#DC143C","#DC143C","DEM",1877963,2016
"60","Georgia",10099320,7063795,3900050,4114711,5466239,3105273,926990.000000001,4633081,994628.999999999,5176849,4203884,1246295,868655.332150925,1427487.68074776,7127878.6811262,1000641.68096154,6487150.66856119,2449400.71479961,38827,"#DC143C","#DC143C","OTH",147644,2016
"61","Hawaii",1413582,1006640,434221,428937,316256,23768,141824,1097326,253540,703756,544370,227592.999999999,78079.6497803747,123468.024731093,969647.53415284,44441.322363959,769456.617598345,114823.12104498,68500.5,"#00008B","#00008B","REP",120937,2012
"62","Hawaii",1413582,1006640,434221,428937,316256,23768,141824,1097326,253540,703756,544370,227592.999999999,78079.6497803747,123468.024731093,969647.53415284,44441.322363959,769456.617598345,114823.12104498,68500.5,"#00008B","#00008B","DEM",306266,2012
"63","Hawaii",1413582,1006640,434221,428937,316256,23768,141824,1097326,253540,703756,544370,227592.999999999,78079.6497803747,123468.024731093,969647.53415284,44441.322363959,769456.617598345,114823.12104498,68500.5,"#00008B","#00008B","OTH",7018,2012
"64","Hawaii",1413582,1006640,434221,428937,316256,23768,141824,1097326,253540,703756,544370,227592.999999999,78079.6497803747,123468.024731093,969647.53415284,44441.322363959,769456.617598345,114823.12104498,68500.5,"#00008B","#00008B","REP",128847,2016
"65","Hawaii",1413582,1006640,434221,428937,316256,23768,141824,1097326,253540,703756,544370,227592.999999999,78079.6497803747,123468.024731093,969647.53415284,44441.322363959,769456.617598345,114823.12104498,68500.5,"#00008B","#00008B","DEM",266891,2016
"66","Hawaii",1413582,1006640,434221,428937,316256,23768,141824,1097326,253540,703756,544370,227592.999999999,78079.6497803747,123468.024731093,969647.53415284,44441.322363959,769456.617598345,114823.12104498,68500.5,"#00008B","#00008B","OTH",33199,2016
"67","Idaho",1635483,1148900,652274,690433,1355896,9818,195589,279587,97736,815638,694851,233346,102095.062876358,165265.171597027,1205708.23726397,112956.147110859,1179813.21075692,470230.735215731,44473.5,"#DC143C","#DC143C","REP",420911,2012
"68","Idaho",1635483,1148900,652274,690433,1355896,9818,195589,279587,97736,815638,694851,233346,102095.062876358,165265.171597027,1205708.23726397,112956.147110859,1179813.21075692,470230.735215731,44473.5,"#DC143C","#DC143C","DEM",212787,2012
"69","Idaho",1635483,1148900,652274,690433,1355896,9818,195589,279587,97736,815638,694851,233346,102095.062876358,165265.171597027,1205708.23726397,112956.147110859,1179813.21075692,470230.735215731,44473.5,"#DC143C","#DC143C","OTH",18576,2012
"70","Idaho",1635483,1148900,652274,690433,1355896,9818,195589,279587,97736,815638,694851,233346,102095.062876358,165265.171597027,1205708.23726397,112956.147110859,1179813.21075692,470230.735215731,44473.5,"#DC143C","#DC143C","REP",409055,2016
"71","Idaho",1635483,1148900,652274,690433,1355896,9818,195589,279587,97736,815638,694851,233346,102095.062876358,165265.171597027,1205708.23726397,112956.147110859,1179813.21075692,470230.735215731,44473.5,"#DC143C","#DC143C","DEM",189765,2016
"72","Idaho",1635483,1148900,652274,690433,1355896,9818,195589,279587,97736,815638,694851,233346,102095.062876358,165265.171597027,1205708.23726397,112956.147110859,1179813.21075692,470230.735215731,44473.5,"#DC143C","#DC143C","OTH",91613,2016
"73","Illinois",12851684,9003485,5241891,5558707,7996856,1810559,2136474,4854828,1791568,6541224,5125405,1784097,1050507.43948093,1498982.67943657,8605849.23549035,799705.10717606,7766285.02532033,1456257.05186251,49025,"#00008B","#00008B","REP",2135102,2012
"74","Illinois",12851684,9003485,5241891,5558707,7996856,1810559,2136474,4854828,1791568,6541224,5125405,1784097,1050507.43948093,1498982.67943657,8605849.23549035,799705.10717606,7766285.02532033,1456257.05186251,49025,"#00008B","#00008B","DEM",3019512,2012
"75","Illinois",12851684,9003485,5241891,5558707,7996856,1810559,2136474,4854828,1791568,6541224,5125405,1784097,1050507.43948093,1498982.67943657,8605849.23549035,799705.10717606,7766285.02532033,1456257.05186251,49025,"#00008B","#00008B","OTH",87277,2012
"76","Illinois",12851684,9003485,5241891,5558707,7996856,1810559,2136474,4854828,1791568,6541224,5125405,1784097,1050507.43948093,1498982.67943657,8605849.23549035,799705.10717606,7766285.02532033,1456257.05186251,49025,"#00008B","#00008B","REP",2146015,2016
"77","Illinois",12851684,9003485,5241891,5558707,7996856,1810559,2136474,4854828,1791568,6541224,5125405,1784097,1050507.43948093,1498982.67943657,8605849.23549035,799705.10717606,7766285.02532033,1456257.05186251,49025,"#00008B","#00008B","DEM",3090729,2016
"78","Illinois",12851684,9003485,5241891,5558707,7996856,1810559,2136474,4854828,1791568,6541224,5125405,1784097,1050507.43948093,1498982.67943657,8605849.23549035,799705.10717606,7766285.02532033,1456257.05186251,49025,"#00008B","#00008B","OTH",321963,2016
"79","Indiana",6589578,4824565,2624534,2734958,5284680,599629,429522,1304898,324368,3344256,2674213,940323,456771.28464286,785779.262611938,4952185.23923169,665214.860404732,4857359.56722843,1792704.84190357,48120.5,"#DC143C","#DC143C","REP",1420543,2012
"80","Indiana",6589578,4824565,2624534,2734958,5284680,599629,429522,1304898,324368,3344256,2674213,940323,456771.28464286,785779.262611938,4952185.23923169,665214.860404732,4857359.56722843,1792704.84190357,48120.5,"#DC143C","#DC143C","DEM",1152887,2012
"81","Indiana",6589578,4824565,2624534,2734958,5284680,599629,429522,1304898,324368,3344256,2674213,940323,456771.28464286,785779.262611938,4952185.23923169,665214.860404732,4857359.56722843,1792704.84190357,48120.5,"#DC143C","#DC143C","OTH",51104,2012
"82","Indiana",6589578,4824565,2624534,2734958,5284680,599629,429522,1304898,324368,3344256,2674213,940323,456771.28464286,785779.262611938,4952185.23923169,665214.860404732,4857359.56722843,1792704.84190357,48120.5,"#DC143C","#DC143C","REP",1557286,2016
"83","Indiana",6589578,4824565,2624534,2734958,5284680,599629,429522,1304898,324368,3344256,2674213,940323,456771.28464286,785779.262611938,4952185.23923169,665214.860404732,4857359.56722843,1792704.84190357,48120.5,"#DC143C","#DC143C","DEM",1033126,2016
"84","Indiana",6589578,4824565,2624534,2734958,5284680,599629,429522,1304898,324368,3344256,2674213,940323,456771.28464286,785779.262611938,4952185.23923169,665214.860404732,4857359.56722843,1792704.84190357,48120.5,"#DC143C","#DC143C","OTH",144546,2016
"85","Iowa",3106589,2295045,1582180,1566031,2701600,100660,172707,404989,151167,1563601,1239835,490781,141151.591620943,255548.394926956,2248932.53010179,196205.376531795,2221966.49099873,1097421.19945891,49942,"#00008B","#DC143C","REP",730617,2012
"86","Iowa",3106589,2295045,1582180,1566031,2701600,100660,172707,404989,151167,1563601,1239835,490781,141151.591620943,255548.394926956,2248932.53010179,196205.376531795,2221966.49099873,1097421.19945891,49942,"#00008B","#DC143C","DEM",822544,2012
"87","Iowa",3106589,2295045,1582180,1566031,2701600,100660,172707,404989,151167,1563601,1239835,490781,141151.591620943,255548.394926956,2248932.53010179,196205.376531795,2221966.49099873,1097421.19945891,49942,"#00008B","#DC143C","OTH",29019,2012
"88","Iowa",3106589,2295045,1582180,1566031,2701600,100660,172707,404989,151167,1563601,1239835,490781,141151.591620943,255548.394926956,2248932.53010179,196205.376531795,2221966.49099873,1097421.19945891,49942,"#00008B","#DC143C","REP",800983,2016
"89","Iowa",3106589,2295045,1582180,1566031,2701600,100660,172707,404989,151167,1563601,1239835,490781,141151.591620943,255548.394926956,2248932.53010179,196205.376531795,2221966.49099873,1097421.19945891,49942,"#00008B","#DC143C","DEM",653669,2016
"90","Iowa",3106589,2295045,1582180,1566031,2701600,100660,172707,404989,151167,1563601,1239835,490781,141151.591620943,255548.394926956,2248932.53010179,196205.376531795,2221966.49099873,1097421.19945891,49942,"#00008B","#DC143C","OTH",111379,2016
"91","Kansas",2898292,2061765,1156254,1184403,2227043,163121,327739,671249,200769,1456380,1210799,415527,155293.535650947,283306.923230234,1979934.38967358,186209.842680815,1911605.27497282,731634.454279364,47532,"#DC143C","#DC143C","REP",689809,2012
"92","Kansas",2898292,2061765,1156254,1184403,2227043,163121,327739,671249,200769,1456380,1210799,415527,155293.535650947,283306.923230234,1979934.38967358,186209.842680815,1911605.27497282,731634.454279364,47532,"#DC143C","#DC143C","DEM",439908,2012
"93","Kansas",2898292,2061765,1156254,1184403,2227043,163121,327739,671249,200769,1456380,1210799,415527,155293.535650947,283306.923230234,1979934.38967358,186209.842680815,1911605.27497282,731634.454279364,47532,"#DC143C","#DC143C","OTH",26537,2012
"94","Kansas",2898292,2061765,1156254,1184403,2227043,163121,327739,671249,200769,1456380,1210799,415527,155293.535650947,283306.923230234,1979934.38967358,186209.842680815,1911605.27497282,731634.454279364,47532,"#DC143C","#DC143C","REP",671018,2016
"95","Kansas",2898292,2061765,1156254,1184403,2227043,163121,327739,671249,200769,1456380,1210799,415527,155293.535650947,283306.923230234,1979934.38967358,186209.842680815,1911605.27497282,731634.454279364,47532,"#DC143C","#DC143C","DEM",427005,2016
"96","Kansas",2898292,2061765,1156254,1184403,2227043,163121,327739,671249,200769,1456380,1210799,415527,155293.535650947,283306.923230234,1979934.38967358,186209.842680815,1911605.27497282,731634.454279364,47532,"#DC143C","#DC143C","OTH",86380,2016
"97","Kentucky",4411989,3313780,1797212,1924149,3766346,345715,146945,645643,154143,2239244,1725300,653000,343643.41177772,673757.113694697,3403194.228599,633313.121320486,3351296.62145498,1810825.38230422,39753,"#DC143C","#DC143C","REP",1087190,2012
"98","Kentucky",4411989,3313780,1797212,1924149,3766346,345715,146945,645643,154143,2239244,1725300,653000,343643.41177772,673757.113694697,3403194.228599,633313.121320486,3351296.62145498,1810825.38230422,39753,"#DC143C","#DC143C","DEM",679370,2012
"99","Kentucky",4411989,3313780,1797212,1924149,3766346,345715,146945,645643,154143,2239244,1725300,653000,343643.41177772,673757.113694697,3403194.228599,633313.121320486,3351296.62145498,1810825.38230422,39753,"#DC143C","#DC143C","OTH",30652,2012
"100","Kentucky",4411989,3313780,1797212,1924149,3766346,345715,146945,645643,154143,2239244,1725300,653000,343643.41177772,673757.113694697,3403194.228599,633313.121320486,3351296.62145498,1810825.38230422,39753,"#DC143C","#DC143C","REP",1202971,2016
"101","Kentucky",4411989,3313780,1797212,1924149,3766346,345715,146945,645643,154143,2239244,1725300,653000,343643.41177772,673757.113694697,3403194.228599,633313.121320486,3351296.62145498,1810825.38230422,39753,"#DC143C","#DC143C","DEM",628854,2016
"102","Kentucky",4411989,3313780,1797212,1924149,3766346,345715,146945,645643,154143,2239244,1725300,653000,343643.41177772,673757.113694697,3403194.228599,633313.121320486,3351296.62145498,1810825.38230422,39753,"#DC143C","#DC143C","OTH",92324,2016
"103","Louisiana",4645670,3432025,1994065,2029032,2754643,1483906,223408,1891027,187580,2373986,1919300,633725,359715.161358292,750373.185457647,3578269.48638439,533055.559329629,3296173.64976405,1226202.83774742,40793,"#DC143C","#DC143C","REP",1152262,2012
"104","Louisiana",4645670,3432025,1994065,2029032,2754643,1483906,223408,1891027,187580,2373986,1919300,633725,359715.161358292,750373.185457647,3578269.48638439,533055.559329629,3296173.64976405,1226202.83774742,40793,"#DC143C","#DC143C","DEM",809141,2012
"105","Louisiana",4645670,3432025,1994065,2029032,2754643,1483906,223408,1891027,187580,2373986,1919300,633725,359715.161358292,750373.185457647,3578269.48638439,533055.559329629,3296173.64976405,1226202.83774742,40793,"#DC143C","#DC143C","OTH",32662,2012
"106","Louisiana",4645670,3432025,1994065,2029032,2754643,1483906,223408,1891027,187580,2373986,1919300,633725,359715.161358292,750373.185457647,3578269.48638439,533055.559329629,3296173.64976405,1226202.83774742,40793,"#DC143C","#DC143C","REP",1178638,2016
"107","Louisiana",4645670,3432025,1994065,2029032,2754643,1483906,223408,1891027,187580,2373986,1919300,633725,359715.161358292,750373.185457647,3578269.48638439,533055.559329629,3296173.64976405,1226202.83774742,40793,"#DC143C","#DC143C","DEM",780154,2016
"108","Louisiana",4645670,3432025,1994065,2029032,2754643,1483906,223408,1891027,187580,2373986,1919300,633725,359715.161358292,750373.185457647,3578269.48638439,533055.559329629,3296173.64976405,1226202.83774742,40793,"#DC143C","#DC143C","OTH",70240,2016
"109","Maine",1329923,1051865,710126,743941,1246606,15472,19772,83317,47651,678579,450087,242251,80694.6298805712,107474.423487405,939982.95940624,102344.546558222,937550.896294296,812705.932864346,47025,"#00008B","#00008B","REP",291418,2012
"110","Maine",1329923,1051865,710126,743941,1246606,15472,19772,83317,47651,678579,450087,242251,80694.6298805712,107474.423487405,939982.95940624,102344.546558222,937550.896294296,812705.932864346,47025,"#00008B","#00008B","DEM",399235,2012
"111","Maine",1329923,1051865,710126,743941,1246606,15472,19772,83317,47651,678579,450087,242251,80694.6298805712,107474.423487405,939982.95940624,102344.546558222,937550.896294296,812705.932864346,47025,"#00008B","#00008B","OTH",19473,2012
"112","Maine",1329923,1051865,710126,743941,1246606,15472,19772,83317,47651,678579,450087,242251,80694.6298805712,107474.423487405,939982.95940624,102344.546558222,937550.896294296,812705.932864346,47025,"#00008B","#00008B","REP",334945,2016
"113","Maine",1329923,1051865,710126,743941,1246606,15472,19772,83317,47651,678579,450087,242251,80694.6298805712,107474.423487405,939982.95940624,102344.546558222,937550.896294296,812705.932864346,47025,"#00008B","#00008B","DEM",354718,2016
"114","Maine",1329923,1051865,710126,743941,1246606,15472,19772,83317,47651,678579,450087,242251,80694.6298805712,107474.423487405,939982.95940624,102344.546558222,937550.896294296,812705.932864346,47025,"#00008B","#00008B","OTH",54278,2016
"115","Maryland",5959902,4212250,2707327,2781446,3128390,1738618,550145.999999999,2831512,874332.000000001,3073168,2322028,820050,402720.479691907,619464.611080457,3672690.14625814,407291.839765462,3211436.3985528,755436.091847245,68463.5,"#00008B","#00008B","REP",971869,2012
"116","Maryland",5959902,4212250,2707327,2781446,3128390,1738618,550145.999999999,2831512,874332.000000001,3073168,2322028,820050,402720.479691907,619464.611080457,3672690.14625814,407291.839765462,3211436.3985528,755436.091847245,68463.5,"#00008B","#00008B","DEM",1677844,2012
"117","Maryland",5959902,4212250,2707327,2781446,3128390,1738618,550145.999999999,2831512,874332.000000001,3073168,2322028,820050,402720.479691907,619464.611080457,3672690.14625814,407291.839765462,3211436.3985528,755436.091847245,68463.5,"#00008B","#00008B","OTH",57614,2012
"118","Maryland",5959902,4212250,2707327,2781446,3128390,1738618,550145.999999999,2831512,874332.000000001,3073168,2322028,820050,402720.479691907,619464.611080457,3672690.14625814,407291.839765462,3211436.3985528,755436.091847245,68463.5,"#00008B","#00008B","REP",943169,2016
"119","Maryland",5959902,4212250,2707327,2781446,3128390,1738618,550145.999999999,2831512,874332.000000001,3073168,2322028,820050,402720.479691907,619464.611080457,3672690.14625814,407291.839765462,3211436.3985528,755436.091847245,68463.5,"#00008B","#00008B","DEM",1677928,2016
"120","Maryland",5959902,4212250,2707327,2781446,3128390,1738618,550145.999999999,2831512,874332.000000001,3073168,2322028,820050,402720.479691907,619464.611080457,3672690.14625814,407291.839765462,3211436.3985528,755436.091847245,68463.5,"#00008B","#00008B","OTH",160349,2016
"121","Massachusetts",6742143,4887320,3167767,3274555,4970011,443182,731739.000000001,1772132,1061461,3472772,2571459,1016679,458687.827228781,673091.755347174,3966955.2007351,443496.468455863,3715374.3618239,533976.0897889,64458,"#00008B","#00008B","REP",1188314,2012
"122","Massachusetts",6742143,4887320,3167767,3274555,4970011,443182,731739.000000001,1772132,1061461,3472772,2571459,1016679,458687.827228781,673091.755347174,3966955.2007351,443496.468455863,3715374.3618239,533976.0897889,64458,"#00008B","#00008B","DEM",1921290,2012
"123","Massachusetts",6742143,4887320,3167767,3274555,4970011,443182,731739.000000001,1772132,1061461,3472772,2571459,1016679,458687.827228781,673091.755347174,3966955.2007351,443496.468455863,3715374.3618239,533976.0897889,64458,"#00008B","#00008B","OTH",58163,2012
"124","Massachusetts",6742143,4887320,3167767,3274555,4970011,443182,731739.000000001,1772132,1061461,3472772,2571459,1016679,458687.827228781,673091.755347174,3966955.2007351,443496.468455863,3715374.3618239,533976.0897889,64458,"#00008B","#00008B","REP",1090893,2016
"125","Massachusetts",6742143,4887320,3167767,3274555,4970011,443182,731739.000000001,1772132,1061461,3472772,2571459,1016679,458687.827228781,673091.755347174,3966955.2007351,443496.468455863,3715374.3618239,533976.0897889,64458,"#00008B","#00008B","DEM",1995196,2016
"126","Massachusetts",6742143,4887320,3167767,3274555,4970011,443182,731739.000000001,1772132,1061461,3472772,2571459,1016679,458687.827228781,673091.755347174,3966955.2007351,443496.468455863,3715374.3618239,533976.0897889,64458,"#00008B","#00008B","OTH",188466,2016
"127","Michigan",9909600,7408635,4730961,4799284,7503076,1361993,474381,2406524,632482,5039715,3843674,1527698,855391.690853221,1002377.05529532,7176594.23891731,830054.412384449,7011678.14743151,2508346.88961855,43373,"#00008B","#DC143C","REP",2115256,2012
"128","Michigan",9909600,7408635,4730961,4799284,7503076,1361993,474381,2406524,632482,5039715,3843674,1527698,855391.690853221,1002377.05529532,7176594.23891731,830054.412384449,7011678.14743151,2508346.88961855,43373,"#00008B","#DC143C","DEM",2564569,2012
"129","Michigan",9909600,7408635,4730961,4799284,7503076,1361993,474381,2406524,632482,5039715,3843674,1527698,855391.690853221,1002377.05529532,7176594.23891731,830054.412384449,7011678.14743151,2508346.88961855,43373,"#00008B","#DC143C","OTH",51136,2012
"130","Michigan",9909600,7408635,4730961,4799284,7503076,1361993,474381,2406524,632482,5039715,3843674,1527698,855391.690853221,1002377.05529532,7176594.23891731,830054.412384449,7011678.14743151,2508346.88961855,43373,"#00008B","#DC143C","REP",2279543,2016
"131","Michigan",9909600,7408635,4730961,4799284,7503076,1361993,474381,2406524,632482,5039715,3843674,1527698,855391.690853221,1002377.05529532,7176594.23891731,830054.412384449,7011678.14743151,2508346.88961855,43373,"#00008B","#DC143C","DEM",2268839,2016
"132","Michigan",9909600,7408635,4730961,4799284,7503076,1361993,474381,2406524,632482,5039715,3843674,1527698,855391.690853221,1002377.05529532,7176594.23891731,830054.412384449,7011678.14743151,2508346.88961855,43373,"#00008B","#DC143C","OTH",250902,2016
"133","Minnesota",5450868,3980480,2936561,2944813,4432384,305402.999999999,276026,1018484,426690.999999999,2740711,2154225,779405,264786.40290116,401647.404736562,3583152.65157161,256787.692396778,3454455.07665939,1427617.56462439,53059,"#00008B","#00008B","REP",1320225,2012
"134","Minnesota",5450868,3980480,2936561,2944813,4432384,305402.999999999,276026,1018484,426690.999999999,2740711,2154225,779405,264786.40290116,401647.404736562,3583152.65157161,256787.692396778,3454455.07665939,1427617.56462439,53059,"#00008B","#00008B","DEM",1546167,2012
"135","Minnesota",5450868,3980480,2936561,2944813,4432384,305402.999999999,276026,1018484,426690.999999999,2740711,2154225,779405,264786.40290116,401647.404736562,3583152.65157161,256787.692396778,3454455.07665939,1427617.56462439,53059,"#00008B","#00008B","OTH",70169,2012
"136","Minnesota",5450868,3980480,2936561,2944813,4432384,305402.999999999,276026,1018484,426690.999999999,2740711,2154225,779405,264786.40290116,401647.404736562,3583152.65157161,256787.692396778,3454455.07665939,1427617.56462439,53059,"#00008B","#00008B","REP",1322951,2016
"137","Minnesota",5450868,3980480,2936561,2944813,4432384,305402.999999999,276026,1018484,426690.999999999,2740711,2154225,779405,264786.40290116,401647.404736562,3583152.65157161,256787.692396778,3454455.07665939,1427617.56462439,53059,"#00008B","#00008B","DEM",1367716,2016
"138","Minnesota",5450868,3980480,2936561,2944813,4432384,305402.999999999,276026,1018484,426690.999999999,2740711,2154225,779405,264786.40290116,401647.404736562,3583152.65157161,256787.692396778,3454455.07665939,1427617.56462439,53059,"#00008B","#00008B","OTH",254146,2016
"139","Mississippi",2989192,2217760,1285584,1209357,1710126,1117387,86704,1279066,67330,1538923,1235812,426632,292173.478456009,508299.18693431,2355433.92518118,374581.45480244,2212144.55878083,1500565.55072293,34761.5,"#DC143C","#DC143C","REP",710746,2012
"140","Mississippi",2989192,2217760,1285584,1209357,1710126,1117387,86704,1279066,67330,1538923,1235812,426632,292173.478456009,508299.18693431,2355433.92518118,374581.45480244,2212144.55878083,1500565.55072293,34761.5,"#DC143C","#DC143C","DEM",562949,2012
"141","Mississippi",2989192,2217760,1285584,1209357,1710126,1117387,86704,1279066,67330,1538923,1235812,426632,292173.478456009,508299.18693431,2355433.92518118,374581.45480244,2212144.55878083,1500565.55072293,34761.5,"#DC143C","#DC143C","OTH",11889,2012
"142","Mississippi",2989192,2217760,1285584,1209357,1710126,1117387,86704,1279066,67330,1538923,1235812,426632,292173.478456009,508299.18693431,2355433.92518118,374581.45480244,2212144.55878083,1500565.55072293,34761.5,"#DC143C","#DC143C","REP",700714,2016
"143","Mississippi",2989192,2217760,1285584,1209357,1710126,1117387,86704,1279066,67330,1538923,1235812,426632,292173.478456009,508299.18693431,2355433.92518118,374581.45480244,2212144.55878083,1500565.55072293,34761.5,"#DC143C","#DC143C","DEM",485131,2016
"144","Mississippi",2989192,2217760,1285584,1209357,1710126,1117387,86704,1279066,67330,1538923,1235812,426632,292173.478456009,508299.18693431,2355433.92518118,374581.45480244,2212144.55878083,1500565.55072293,34761.5,"#DC143C","#DC143C","OTH",23512,2016
"145","Missouri",6059651,4547870,2620510,2678780,4850569,696649,237284,1209082,236079,3086334,2388608,929934,403964.239319565,673542.164664664,4379288.28517713,571985.099941856,4224297.73386124,1774212.92529111,41351,"#DC143C","#DC143C","REP",1452931,2012
"146","Missouri",6059651,4547870,2620510,2678780,4850569,696649,237284,1209082,236079,3086334,2388608,929934,403964.239319565,673542.164664664,4379288.28517713,571985.099941856,4224297.73386124,1774212.92529111,41351,"#DC143C","#DC143C","DEM",1118126,2012
"147","Missouri",6059651,4547870,2620510,2678780,4850569,696649,237284,1209082,236079,3086334,2388608,929934,403964.239319565,673542.164664664,4379288.28517713,571985.099941856,4224297.73386124,1774212.92529111,41351,"#DC143C","#DC143C","OTH",49453,2012
"148","Missouri",6059651,4547870,2620510,2678780,4850569,696649,237284,1209082,236079,3086334,2388608,929934,403964.239319565,673542.164664664,4379288.28517713,571985.099941856,4224297.73386124,1774212.92529111,41351,"#DC143C","#DC143C","REP",1569857,2016
"149","Missouri",6059651,4547870,2620510,2678780,4850569,696649,237284,1209082,236079,3086334,2388608,929934,403964.239319565,673542.164664664,4379288.28517713,571985.099941856,4224297.73386124,1774212.92529111,41351,"#DC143C","#DC143C","DEM",973333,2016
"150","Missouri",6059651,4547870,2620510,2678780,4850569,696649,237284,1209082,236079,3086334,2388608,929934,403964.239319565,673542.164664664,4379288.28517713,571985.099941856,4224297.73386124,1774212.92529111,41351,"#DC143C","#DC143C","OTH",135590,2016
"151","Montana",1023391,789490,483932,497147,888635,3948,34841,134756,20912,509200,388660,170868,58821.8881544883,72646.470059332,715431.022642741,64852.5494962115,703232.967980947,448542.628929715,44389.5,"#DC143C","#DC143C","REP",267928,2012
"152","Montana",1023391,789490,483932,497147,888635,3948,34841,134756,20912,509200,388660,170868,58821.8881544883,72646.470059332,715431.022642741,64852.5494962115,703232.967980947,448542.628929715,44389.5,"#DC143C","#DC143C","DEM",201839,2012
"153","Montana",1023391,789490,483932,497147,888635,3948,34841,134756,20912,509200,388660,170868,58821.8881544883,72646.470059332,715431.022642741,64852.5494962115,703232.967980947,448542.628929715,44389.5,"#DC143C","#DC143C","OTH",14165,2012
"154","Montana",1023391,789490,483932,497147,888635,3948,34841,134756,20912,509200,388660,170868,58821.8881544883,72646.470059332,715431.022642741,64852.5494962115,703232.967980947,448542.628929715,44389.5,"#DC143C","#DC143C","REP",279240,2016
"155","Montana",1023391,789490,483932,497147,888635,3948,34841,134756,20912,509200,388660,170868,58821.8881544883,72646.470059332,715431.022642741,64852.5494962115,703232.967980947,448542.628929715,44389.5,"#DC143C","#DC143C","DEM",177709,2016
"156","Montana",1023391,789490,483932,497147,888635,3948,34841,134756,20912,509200,388660,170868,58821.8881544883,72646.470059332,715431.022642741,64852.5494962115,703232.967980947,448542.628929715,44389.5,"#DC143C","#DC143C","OTH",40198,2016
"157","Nebraska",1881259,1341015,794379,844187,1511352,85910.9999999998,191802,369907,126533,945324,781774,271498,78484.5226301627,175285.691928328,1312731.33787906,101314.517115297,1267647.86025001,489542.549204366,49943,"#DC143C","#DC143C","REP",475064,2012
"158","Nebraska",1881259,1341015,794379,844187,1511352,85910.9999999998,191802,369907,126533,945324,781774,271498,78484.5226301627,175285.691928328,1312731.33787906,101314.517115297,1267647.86025001,489542.549204366,49943,"#DC143C","#DC143C","DEM",302081,2012
"159","Nebraska",1881259,1341015,794379,844187,1511352,85910.9999999998,191802,369907,126533,945324,781774,271498,78484.5226301627,175285.691928328,1312731.33787906,101314.517115297,1267647.86025001,489542.549204366,49943,"#DC143C","#DC143C","OTH",17234,2012
"160","Nebraska",1881259,1341015,794379,844187,1511352,85910.9999999998,191802,369907,126533,945324,781774,271498,78484.5226301627,175285.691928328,1312731.33787906,101314.517115297,1267647.86025001,489542.549204366,49943,"#DC143C","#DC143C","REP",495961,2016
"161","Nebraska",1881259,1341015,794379,844187,1511352,85910.9999999998,191802,369907,126533,945324,781774,271498,78484.5226301627,175285.691928328,1312731.33787906,101314.517115297,1267647.86025001,489542.549204366,49943,"#DC143C","#DC143C","DEM",284454,2016
"162","Nebraska",1881259,1341015,794379,844187,1511352,85910.9999999998,191802,369907,126533,945324,781774,271498,78484.5226301627,175285.691928328,1312731.33787906,101314.517115297,1267647.86025001,489542.549204366,49943,"#DC143C","#DC143C","OTH",63772,2016
"163","Nevada",2839172,1902290,1014918,1125385,1455508,233440,790496.999999999,1383664,547695.999999999,1412850,1122459,400855,264878.070386498,414614.645661377,2180675.09468876,200006.309829323,2050387.3501641,159680.916751909,52629,"#00008B","#00008B","REP",463567,2012
"164","Nevada",2839172,1902290,1014918,1125385,1455508,233440,790496.999999999,1383664,547695.999999999,1412850,1122459,400855,264878.070386498,414614.645661377,2180675.09468876,200006.309829323,2050387.3501641,159680.916751909,52629,"#00008B","#00008B","DEM",531373,2012
"165","Nevada",2839172,1902290,1014918,1125385,1455508,233440,790496.999999999,1383664,547695.999999999,1412850,1122459,400855,264878.070386498,414614.645661377,2180675.09468876,200006.309829323,2050387.3501641,159680.916751909,52629,"#00008B","#00008B","OTH",19978,2012
"166","Nevada",2839172,1902290,1014918,1125385,1455508,233440,790496.999999999,1383664,547695.999999999,1412850,1122459,400855,264878.070386498,414614.645661377,2180675.09468876,200006.309829323,2050387.3501641,159680.916751909,52629,"#00008B","#00008B","REP",512058,2016
"167","Nevada",2839172,1902290,1014918,1125385,1455508,233440,790496.999999999,1383664,547695.999999999,1412850,1122459,400855,264878.070386498,414614.645661377,2180675.09468876,200006.309829323,2050387.3501641,159680.916751909,52629,"#00008B","#00008B","DEM",539260,2016
"168","Nevada",2839172,1902290,1014918,1125385,1455508,233440,790496.999999999,1383664,547695.999999999,1412850,1122459,400855,264878.070386498,414614.645661377,2180675.09468876,200006.309829323,2050387.3501641,159680.916751909,52629,"#00008B","#00008B","OTH",74067,2016
"169","New Hampshire",1327503,1027635,710931,744296,1211271,15565,43500,116232,77063,670996,473811,210385,67288.5049298368,98681.3081840989,856088.453182291,91231.6875817076,856271.638964554,524720.292901279,59849.5,"#00008B","#00008B","REP",329918,2012
"170","New Hampshire",1327503,1027635,710931,744296,1211271,15565,43500,116232,77063,670996,473811,210385,67288.5049298368,98681.3081840989,856088.453182291,91231.6875817076,856271.638964554,524720.292901279,59849.5,"#00008B","#00008B","DEM",369561,2012
"171","New Hampshire",1327503,1027635,710931,744296,1211271,15565,43500,116232,77063,670996,473811,210385,67288.5049298368,98681.3081840989,856088.453182291,91231.6875817076,856271.638964554,524720.292901279,59849.5,"#00008B","#00008B","OTH",11452,2012
"172","New Hampshire",1327503,1027635,710931,744296,1211271,15565,43500,116232,77063,670996,473811,210385,67288.5049298368,98681.3081840989,856088.453182291,91231.6875817076,856271.638964554,524720.292901279,59849.5,"#00008B","#00008B","REP",345790,2016
"173","New Hampshire",1327503,1027635,710931,744296,1211271,15565,43500,116232,77063,670996,473811,210385,67288.5049298368,98681.3081840989,856088.453182291,91231.6875817076,856271.638964554,524720.292901279,59849.5,"#00008B","#00008B","DEM",348526,2016
"174","New Hampshire",1327503,1027635,710931,744296,1211271,15565,43500,116232,77063,670996,473811,210385,67288.5049298368,98681.3081840989,856088.453182291,91231.6875817076,856271.638964554,524720.292901279,59849.5,"#00008B","#00008B","OTH",49980,2016
"175","New Jersey",8915456,6087275,3640292,3874046,5054611,1133918,1719831,3860845,1943338,4564925,3372688,1312291,702736.619950892,994084.300390156,5583166.11702508,610690.754183009,5117080.98742963,464505.188441765,72999,"#00008B","#00008B","REP",1477568,2012
"176","New Jersey",8915456,6087275,3640292,3874046,5054611,1133918,1719831,3860845,1943338,4564925,3372688,1312291,702736.619950892,994084.300390156,5583166.11702508,610690.754183009,5117080.98742963,464505.188441765,72999,"#00008B","#00008B","DEM",2125101,2012
"177","New Jersey",8915456,6087275,3640292,3874046,5054611,1133918,1719831,3860845,1943338,4564925,3372688,1312291,702736.619950892,994084.300390156,5583166.11702508,610690.754183009,5117080.98742963,464505.188441765,72999,"#00008B","#00008B","OTH",37623,2012
"178","New Jersey",8915456,6087275,3640292,3874046,5054611,1133918,1719831,3860845,1943338,4564925,3372688,1312291,702736.619950892,994084.300390156,5583166.11702508,610690.754183009,5117080.98742963,464505.188441765,72999,"#00008B","#00008B","REP",1601933,2016
"179","New Jersey",8915456,6087275,3640292,3874046,5054611,1133918,1719831,3860845,1943338,4564925,3372688,1312291,702736.619950892,994084.300390156,5583166.11702508,610690.754183009,5117080.98742963,464505.188441765,72999,"#00008B","#00008B","DEM",2148278,2016
"180","New Jersey",8915456,6087275,3640292,3874046,5054611,1133918,1719831,3860845,1943338,4564925,3372688,1312291,702736.619950892,994084.300390156,5583166.11702508,610690.754183009,5117080.98742963,464505.188441765,72999,"#00008B","#00008B","OTH",123835,2016
"181","New Mexico",2082669,1464245,783758,798319,805603,37318,995831,1277066,201343,1051229,848931,318286,178886.941354796,325356.675237658,1534188.23355348,119700.483407853,1267709.57017655,464476.213080501,36160,"#00008B","#00008B","REP",335788,2012
"182","New Mexico",2082669,1464245,783758,798319,805603,37318,995831,1277066,201343,1051229,848931,318286,178886.941354796,325356.675237658,1534188.23355348,119700.483407853,1267709.57017655,464476.213080501,36160,"#00008B","#00008B","DEM",415335,2012
"183","New Mexico",2082669,1464245,783758,798319,805603,37318,995831,1277066,201343,1051229,848931,318286,178886.941354796,325356.675237658,1534188.23355348,119700.483407853,1267709.57017655,464476.213080501,36160,"#00008B","#00008B","OTH",32635,2012
"184","New Mexico",2082669,1464245,783758,798319,805603,37318,995831,1277066,201343,1051229,848931,318286,178886.941354796,325356.675237658,1534188.23355348,119700.483407853,1267709.57017655,464476.213080501,36160,"#00008B","#00008B","REP",319667,2016
"185","New Mexico",2082669,1464245,783758,798319,805603,37318,995831,1277066,201343,1051229,848931,318286,178886.941354796,325356.675237658,1534188.23355348,119700.483407853,1267709.57017655,464476.213080501,36160,"#00008B","#00008B","DEM",385234,2016
"186","New Mexico",2082669,1464245,783758,798319,805603,37318,995831,1277066,201343,1051229,848931,318286,178886.941354796,325356.675237658,1534188.23355348,119700.483407853,1267709.57017655,464476.213080501,36160,"#00008B","#00008B","OTH",93418,2016
"187","New York",19697457,13605855,7061925,7707363,11111314,2829883,3661929,8586143,4442247,10142327,7659802,2893801,1492445.45867082,2788048.4794419,12909608.4052916,1559876.25936058,11204215.394196,2331185.68167168,51827,"#00008B","#00008B","REP",2223397,2012
"188","New York",19697457,13605855,7061925,7707363,11111314,2829883,3661929,8586143,4442247,10142327,7659802,2893801,1492445.45867082,2788048.4794419,12909608.4052916,1559876.25936058,11204215.394196,2331185.68167168,51827,"#00008B","#00008B","DEM",4324228,2012
"189","New York",19697457,13605855,7061925,7707363,11111314,2829883,3661929,8586143,4442247,10142327,7659802,2893801,1492445.45867082,2788048.4794419,12909608.4052916,1559876.25936058,11204215.394196,2331185.68167168,51827,"#00008B","#00008B","OTH",514300,2012
"190","New York",19697457,13605855,7061925,7707363,11111314,2829883,3661929,8586143,4442247,10142327,7659802,2893801,1492445.45867082,2788048.4794419,12909608.4052916,1559876.25936058,11204215.394196,2331185.68167168,51827,"#00008B","#00008B","REP",2814589,2016
"191","New York",19697457,13605855,7061925,7707363,11111314,2829883,3661929,8586143,4442247,10142327,7659802,2893801,1492445.45867082,2788048.4794419,12909608.4052916,1559876.25936058,11204215.394196,2331185.68167168,51827,"#00008B","#00008B","DEM",4547562,2016
"192","New York",19697457,13605855,7061925,7707363,11111314,2829883,3661929,8586143,4442247,10142327,7659802,2893801,1492445.45867082,2788048.4794419,12909608.4052916,1559876.25936058,11204215.394196,2331185.68167168,51827,"#00008B","#00008B","OTH",345212,2016
"193","North Carolina",9940828,7203800,4505372,4741564,6361438,2104597,884763,3579390,767656,5106236,3910938,1459330,839240.44860871,1351565.10897986,7038449.82947645,931702.983454644,6563783.44911521,3289930.11394632,41031,"#DC143C","#DC143C","REP",2270395,2012
"194","North Carolina",9940828,7203800,4505372,4741564,6361438,2104597,884763,3579390,767656,5106236,3910938,1459330,839240.44860871,1351565.10897986,7038449.82947645,931702.983454644,6563783.44911521,3289930.11394632,41031,"#DC143C","#DC143C","DEM",2178391,2012
"195","North Carolina",9940828,7203800,4505372,4741564,6361438,2104597,884763,3579390,767656,5106236,3910938,1459330,839240.44860871,1351565.10897986,7038449.82947645,931702.983454644,6563783.44911521,3289930.11394632,41031,"#DC143C","#DC143C","OTH",56586,2012
"196","North Carolina",9940828,7203800,4505372,4741564,6361438,2104597,884763,3579390,767656,5106236,3910938,1459330,839240.44860871,1351565.10897986,7038449.82947645,931702.983454644,6563783.44911521,3289930.11394632,41031,"#DC143C","#DC143C","REP",2362631,2016
"197","North Carolina",9940828,7203800,4505372,4741564,6361438,2104597,884763,3579390,767656,5106236,3910938,1459330,839240.44860871,1351565.10897986,7038449.82947645,931702.983454644,6563783.44911521,3289930.11394632,41031,"#DC143C","#DC143C","DEM",2189316,2016
"198","North Carolina",9940828,7203800,4505372,4741564,6361438,2104597,884763,3579390,767656,5106236,3910938,1459330,839240.44860871,1351565.10897986,7038449.82947645,931702.983454644,6563783.44911521,3289930.11394632,41031,"#DC143C","#DC143C","OTH",189617,2016
"199","North Dakota",736162,555685,322932,344360,635834,14492,22997,100328,24364,359183,315055,104745,20732.9735196752,58110.030309149,526954.397433515,50597.4231324555,520460.756046156,290399.71878806,55900,"#DC143C","#DC143C","REP",188320,2012
"200","North Dakota",736162,555685,322932,344360,635834,14492,22997,100328,24364,359183,315055,104745,20732.9735196752,58110.030309149,526954.397433515,50597.4231324555,520460.756046156,290399.71878806,55900,"#DC143C","#DC143C","DEM",124966,2012
"201","North Dakota",736162,555685,322932,344360,635834,14492,22997,100328,24364,359183,315055,104745,20732.9735196752,58110.030309149,526954.397433515,50597.4231324555,520460.756046156,290399.71878806,55900,"#DC143C","#DC143C","OTH",9646,2012
"202","North Dakota",736162,555685,322932,344360,635834,14492,22997,100328,24364,359183,315055,104745,20732.9735196752,58110.030309149,526954.397433515,50597.4231324555,520460.756046156,290399.71878806,55900,"#DC143C","#DC143C","REP",216794,2016
"203","North Dakota",736162,555685,322932,344360,635834,14492,22997,100328,24364,359183,315055,104745,20732.9735196752,58110.030309149,526954.397433515,50597.4231324555,520460.756046156,290399.71878806,55900,"#DC143C","#DC143C","DEM",93758,2016
"204","North Dakota",736162,555685,322932,344360,635834,14492,22997,100328,24364,359183,315055,104745,20732.9735196752,58110.030309149,526954.397433515,50597.4231324555,520460.756046156,290399.71878806,55900,"#DC143C","#DC143C","OTH",33808,2016
"205","Ohio",11586941,8734140,5580822,5496487,9265123,1402423,400932,2321818,484708,5913048,4488640,1796337,843790.574440392,1218019.00868899,8484490.38887314,1051320.13103968,8258521.84052764,2540299.95562181,48462,"#00008B","#DC143C","REP",2661407,2012
"206","Ohio",11586941,8734140,5580822,5496487,9265123,1402423,400932,2321818,484708,5913048,4488640,1796337,843790.574440392,1218019.00868899,8484490.38887314,1051320.13103968,8258521.84052764,2540299.95562181,48462,"#00008B","#DC143C","DEM",2827621,2012
"207","Ohio",11586941,8734140,5580822,5496487,9265123,1402423,400932,2321818,484708,5913048,4488640,1796337,843790.574440392,1218019.00868899,8484490.38887314,1051320.13103968,8258521.84052764,2540299.95562181,48462,"#00008B","#DC143C","OTH",91794,2012
"208","Ohio",11586941,8734140,5580822,5496487,9265123,1402423,400932,2321818,484708,5913048,4488640,1796337,843790.574440392,1218019.00868899,8484490.38887314,1051320.13103968,8258521.84052764,2540299.95562181,48462,"#00008B","#DC143C","REP",2841005,2016
"209","Ohio",11586941,8734140,5580822,5496487,9265123,1402423,400932,2321818,484708,5913048,4488640,1796337,843790.574440392,1218019.00868899,8484490.38887314,1051320.13103968,8258521.84052764,2540299.95562181,48462,"#00008B","#DC143C","DEM",2394164,2016
"210","Ohio",11586941,8734140,5580822,5496487,9265123,1402423,400932,2321818,484708,5913048,4488640,1796337,843790.574440392,1218019.00868899,8484490.38887314,1051320.13103968,8258521.84052764,2540299.95562181,48462,"#00008B","#DC143C","OTH",261318,2016
"211","Oklahoma",3875589,2787660,1334872,1452992,2593871,276559,381467,1281718,225516,1955594,1609291,561885,234238.214068915,492232.076226472,2920856.12892709,376204.149296478,2816936.84756904,1285831.56083614,44331,"#DC143C","#DC143C","REP",891325,2012
"212","Oklahoma",3875589,2787660,1334872,1452992,2593871,276559,381467,1281718,225516,1955594,1609291,561885,234238.214068915,492232.076226472,2920856.12892709,376204.149296478,2816936.84756904,1285831.56083614,44331,"#DC143C","#DC143C","DEM",443547,2012
"213","Oklahoma",3875589,2787660,1334872,1452992,2593871,276559,381467,1281718,225516,1955594,1609291,561885,234238.214068915,492232.076226472,2920856.12892709,376204.149296478,2816936.84756904,1285831.56083614,44331,"#DC143C","#DC143C","OTH",0,2012
"214","Oklahoma",3875589,2787660,1334872,1452992,2593871,276559,381467,1281718,225516,1955594,1609291,561885,234238.214068915,492232.076226472,2920856.12892709,376204.149296478,2816936.84756904,1285831.56083614,44331,"#DC143C","#DC143C","REP",949136,2016
"215","Oklahoma",3875589,2787660,1334872,1452992,2593871,276559,381467,1281718,225516,1955594,1609291,561885,234238.214068915,492232.076226472,2920856.12892709,376204.149296478,2816936.84756904,1285831.56083614,44331,"#DC143C","#DC143C","DEM",420375,2016
"216","Oklahoma",3875589,2787660,1334872,1452992,2593871,276559,381467,1281718,225516,1955594,1609291,561885,234238.214068915,492232.076226472,2920856.12892709,376204.149296478,2816936.84756904,1285831.56083614,44331,"#DC143C","#DC143C","OTH",83481,2016
"217","Oregon",3982267,2911325,1789270,2001336,3066467,70359,494806,915800,390613,2010755,1498397,634574,324945.267599631,400760.165727458,2729537.86104169,261641.385891959,2645961.97877859,744598.251383519,45393,"#00008B","#00008B","REP",754175,2012
"218","Oregon",3982267,2911325,1789270,2001336,3066467,70359,494806,915800,390613,2010755,1498397,634574,324945.267599631,400760.165727458,2729537.86104169,261641.385891959,2645961.97877859,744598.251383519,45393,"#00008B","#00008B","DEM",970488,2012
"219","Oregon",3982267,2911325,1789270,2001336,3066467,70359,494806,915800,390613,2010755,1498397,634574,324945.267599631,400760.165727458,2729537.86104169,261641.385891959,2645961.97877859,744598.251383519,45393,"#00008B","#00008B","OTH",64607,2012
"220","Oregon",3982267,2911325,1789270,2001336,3066467,70359,494806,915800,390613,2010755,1498397,634574,324945.267599631,400760.165727458,2729537.86104169,261641.385891959,2645961.97877859,744598.251383519,45393,"#00008B","#00008B","REP",782403,2016
"221","Oregon",3982267,2911325,1789270,2001336,3066467,70359,494806,915800,390613,2010755,1498397,634574,324945.267599631,400760.165727458,2729537.86104169,261641.385891959,2645961.97877859,744598.251383519,45393,"#00008B","#00008B","DEM",1002106,2016
"222","Oregon",3982267,2911325,1789270,2001336,3066467,70359,494806,915800,390613,2010755,1498397,634574,324945.267599631,400760.165727458,2729537.86104169,261641.385891959,2645961.97877859,744598.251383519,45393,"#00008B","#00008B","OTH",216827,2016
"223","Pennsylvania",12783977,9725830,5742040,6115402,9934801,1353424,843163.999999999,2849176,818363,6528935,4779397,2133247,926908.955396929,1344566.07578947,9027648.68786834,1083691.98224255,8713412.38607116,2702028.00948053,49028,"#00008B","#DC143C","REP",2707187,2012
"224","Pennsylvania",12783977,9725830,5742040,6115402,9934801,1353424,843163.999999999,2849176,818363,6528935,4779397,2133247,926908.955396929,1344566.07578947,9027648.68786834,1083691.98224255,8713412.38607116,2702028.00948053,49028,"#00008B","#DC143C","DEM",2963521,2012
"225","Pennsylvania",12783977,9725830,5742040,6115402,9934801,1353424,843163.999999999,2849176,818363,6528935,4779397,2133247,926908.955396929,1344566.07578947,9027648.68786834,1083691.98224255,8713412.38607116,2702028.00948053,49028,"#00008B","#DC143C","OTH",71332,2012
"226","Pennsylvania",12783977,9725830,5742040,6115402,9934801,1353424,843163.999999999,2849176,818363,6528935,4779397,2133247,926908.955396929,1344566.07578947,9027648.68786834,1083691.98224255,8713412.38607116,2702028.00948053,49028,"#00008B","#DC143C","REP",2970733,2016
"227","Pennsylvania",12783977,9725830,5742040,6115402,9934801,1353424,843163.999999999,2849176,818363,6528935,4779397,2133247,926908.955396929,1344566.07578947,9027648.68786834,1083691.98224255,8713412.38607116,2702028.00948053,49028,"#00008B","#DC143C","DEM",2926441,2016
"228","Pennsylvania",12783977,9725830,5742040,6115402,9934801,1353424,843163.999999999,2849176,818363,6528935,4779397,2133247,926908.955396929,1344566.07578947,9027648.68786834,1083691.98224255,8713412.38607116,2702028.00948053,49028,"#00008B","#DC143C","OTH",218228,2016
"229","Rhode Island",1054491,780250,445719,463416,780278,57348,148375,274213,142663,543194,401936,166517,81659.1402856735,138613.157330823,713075.174118067,107924.439767837,687876.482312111,97448.1932334778,71347,"#00008B","#00008B","REP",157151,2012
"230","Rhode Island",1054491,780250,445719,463416,780278,57348,148375,274213,142663,543194,401936,166517,81659.1402856735,138613.157330823,713075.174118067,107924.439767837,687876.482312111,97448.1932334778,71347,"#00008B","#00008B","DEM",279409,2012
"231","Rhode Island",1054491,780250,445719,463416,780278,57348,148375,274213,142663,543194,401936,166517,81659.1402856735,138613.157330823,713075.174118067,107924.439767837,687876.482312111,97448.1932334778,71347,"#00008B","#00008B","OTH",9159,2012
"232","Rhode Island",1054491,780250,445719,463416,780278,57348,148375,274213,142663,543194,401936,166517,81659.1402856735,138613.157330823,713075.174118067,107924.439767837,687876.482312111,97448.1932334778,71347,"#00008B","#00008B","REP",180490,2016
"233","Rhode Island",1054491,780250,445719,463416,780278,57348,148375,274213,142663,543194,401936,166517,81659.1402856735,138613.157330823,713075.174118067,107924.439767837,687876.482312111,97448.1932334778,71347,"#00008B","#00008B","DEM",251888,2016
"234","Rhode Island",1054491,780250,445719,463416,780278,57348,148375,274213,142663,543194,401936,166517,81659.1402856735,138613.157330823,713075.174118067,107924.439767837,687876.482312111,97448.1932334778,71347,"#00008B","#00008B","OTH",31038,2016
"235","South Carolina",4834605,3620835,1964118,2103027,3087207,1311344,258361,1747398,230716,2486267,1886258,761680,408989.152604469,673827.485621821,3553076.4455093,499153.240324023,3322013.86966697,1597010.45244015,40312.5,"#DC143C","#DC143C","REP",1071645,2012
"236","South Carolina",4834605,3620835,1964118,2103027,3087207,1311344,258361,1747398,230716,2486267,1886258,761680,408989.152604469,673827.485621821,3553076.4455093,499153.240324023,3322013.86966697,1597010.45244015,40312.5,"#DC143C","#DC143C","DEM",865941,2012
"237","South Carolina",4834605,3620835,1964118,2103027,3087207,1311344,258361,1747398,230716,2486267,1886258,761680,408989.152604469,673827.485621821,3553076.4455093,499153.240324023,3322013.86966697,1597010.45244015,40312.5,"#DC143C","#DC143C","OTH",26532,2012
"238","South Carolina",4834605,3620835,1964118,2103027,3087207,1311344,258361,1747398,230716,2486267,1886258,761680,408989.152604469,673827.485621821,3553076.4455093,499153.240324023,3322013.86966697,1597010.45244015,40312.5,"#DC143C","#DC143C","REP",1155389,2016
"239","South Carolina",4834605,3620835,1964118,2103027,3087207,1311344,258361,1747398,230716,2486267,1886258,761680,408989.152604469,673827.485621821,3553076.4455093,499153.240324023,3322013.86966697,1597010.45244015,40312.5,"#DC143C","#DC143C","DEM",855373,2016
"240","South Carolina",4834605,3620835,1964118,2103027,3087207,1311344,258361,1747398,230716,2486267,1886258,761680,408989.152604469,673827.485621821,3553076.4455093,499153.240324023,3322013.86966697,1597010.45244015,40312.5,"#DC143C","#DC143C","OTH",92265,2016
"241","South Dakota",836795,618215,360670,367188,704847,13645,28693,131948,27163,415551,342153,128309,33779.3415962474,72444.1387086313,603783.653564125,56690.3324541704,591260.310070451,351281.155376181,49859,"#DC143C","#DC143C","REP",210422,2012
"242","South Dakota",836795,618215,360670,367188,704847,13645,28693,131948,27163,415551,342153,128309,33779.3415962474,72444.1387086313,603783.653564125,56690.3324541704,591260.310070451,351281.155376181,49859,"#DC143C","#DC143C","DEM",142102,2012
"243","South Dakota",836795,618215,360670,367188,704847,13645,28693,131948,27163,415551,342153,128309,33779.3415962474,72444.1387086313,603783.653564125,56690.3324541704,591260.310070451,351281.155376181,49859,"#DC143C","#DC143C","OTH",8146,2012
"244","South Dakota",836795,618215,360670,367188,704847,13645,28693,131948,27163,415551,342153,128309,33779.3415962474,72444.1387086313,603783.653564125,56690.3324541704,591260.310070451,351281.155376181,49859,"#DC143C","#DC143C","REP",227480,2016
"245","South Dakota",836795,618215,360670,367188,704847,13645,28693,131948,27163,415551,342153,128309,33779.3415962474,72444.1387086313,603783.653564125,56690.3324541704,591260.310070451,351281.155376181,49859,"#DC143C","#DC143C","DEM",114948,2016
"246","South Dakota",836795,618215,360670,367188,704847,13645,28693,131948,27163,415551,342153,128309,33779.3415962474,72444.1387086313,603783.653564125,56690.3324541704,591260.310070451,351281.155376181,49859,"#DC143C","#DC143C","OTH",24760,2016
"247","Tennessee",6548009,4876600,2458577,2508027,4879669,1092491,327345,1668340,315319,3356032,2556614,984449,498232.911369076,910269.355044524,4872838.29575812,744479.662234717,4643117.40055012,2170751.46141634,39728,"#DC143C","#DC143C","REP",1462330,2012
"248","Tennessee",6548009,4876600,2458577,2508027,4879669,1092491,327345,1668340,315319,3356032,2556614,984449,498232.911369076,910269.355044524,4872838.29575812,744479.662234717,4643117.40055012,2170751.46141634,39728,"#DC143C","#DC143C","DEM",960709,2012
"249","Tennessee",6548009,4876600,2458577,2508027,4879669,1092491,327345,1668340,315319,3356032,2556614,984449,498232.911369076,910269.355044524,4872838.29575812,744479.662234717,4643117.40055012,2170751.46141634,39728,"#DC143C","#DC143C","OTH",35538,2012
"250","Tennessee",6548009,4876600,2458577,2508027,4879669,1092491,327345,1668340,315319,3356032,2556614,984449,498232.911369076,910269.355044524,4872838.29575812,744479.662234717,4643117.40055012,2170751.46141634,39728,"#DC143C","#DC143C","REP",1522925,2016
"251","Tennessee",6548009,4876600,2458577,2508027,4879669,1092491,327345,1668340,315319,3356032,2556614,984449,498232.911369076,910269.355044524,4872838.29575812,744479.662234717,4643117.40055012,2170751.46141634,39728,"#DC143C","#DC143C","DEM",870695,2016
"252","Tennessee",6548009,4876600,2458577,2508027,4879669,1092491,327345,1668340,315319,3356032,2556614,984449,498232.911369076,910269.355044524,4872838.29575812,744479.662234717,4643117.40055012,2170751.46141634,39728,"#DC143C","#DC143C","OTH",114407,2016
"253","Texas",26956435,17177620,7993851,8969226,11705684,3134962,10413150,15250751,4494345,13577270,11840066,3096567,1748019.01762048,4813242.44794018,19400116.210329,1746820.17964163,16624416.2741885,4015158.20856125,46454.5,"#DC143C","#DC143C","REP",4569843,2012
"254","Texas",26956435,17177620,7993851,8969226,11705684,3134962,10413150,15250751,4494345,13577270,11840066,3096567,1748019.01762048,4813242.44794018,19400116.210329,1746820.17964163,16624416.2741885,4015158.20856125,46454.5,"#DC143C","#DC143C","DEM",3308124,2012
"255","Texas",26956435,17177620,7993851,8969226,11705684,3134962,10413150,15250751,4494345,13577270,11840066,3096567,1748019.01762048,4813242.44794018,19400116.210329,1746820.17964163,16624416.2741885,4015158.20856125,46454.5,"#DC143C","#DC143C","OTH",115884,2012
"256","Texas",26956435,17177620,7993851,8969226,11705684,3134962,10413150,15250751,4494345,13577270,11840066,3096567,1748019.01762048,4813242.44794018,19400116.210329,1746820.17964163,16624416.2741885,4015158.20856125,46454.5,"#DC143C","#DC143C","REP",4685047,2016
"257","Texas",26956435,17177620,7993851,8969226,11705684,3134962,10413150,15250751,4494345,13577270,11840066,3096567,1748019.01762048,4813242.44794018,19400116.210329,1746820.17964163,16624416.2741885,4015158.20856125,46454.5,"#DC143C","#DC143C","DEM",3877868,2016
"258","Texas",26956435,17177620,7993851,8969226,11705684,3134962,10413150,15250751,4494345,13577270,11840066,3096567,1748019.01762048,4813242.44794018,19400116.210329,1746820.17964163,16624416.2741885,4015158.20856125,46454.5,"#DC143C","#DC143C","OTH",406311,2016
"259","Utah",2948427,1903500,1017440,1131430,2339279,30243,397915,609147.999999999,244784,1465372,1457860,295342,149596.423090837,246321.520154249,2007522.2067688,137805.536573178,1930608.36079973,273974.472384909,52865,"#DC143C","#DC143C","REP",740600,2012
"260","Utah",2948427,1903500,1017440,1131430,2339279,30243,397915,609147.999999999,244784,1465372,1457860,295342,149596.423090837,246321.520154249,2007522.2067688,137805.536573178,1930608.36079973,273974.472384909,52865,"#DC143C","#DC143C","DEM",251813,2012
"261","Utah",2948427,1903500,1017440,1131430,2339279,30243,397915,609147.999999999,244784,1465372,1457860,295342,149596.423090837,246321.520154249,2007522.2067688,137805.536573178,1930608.36079973,273974.472384909,52865,"#DC143C","#DC143C","OTH",25027,2012
"262","Utah",2948427,1903500,1017440,1131430,2339279,30243,397915,609147.999999999,244784,1465372,1457860,295342,149596.423090837,246321.520154249,2007522.2067688,137805.536573178,1930608.36079973,273974.472384909,52865,"#DC143C","#DC143C","REP",515231,2016
"263","Utah",2948427,1903500,1017440,1131430,2339279,30243,397915,609147.999999999,244784,1465372,1457860,295342,149596.423090837,246321.520154249,2007522.2067688,137805.536573178,1930608.36079973,273974.472384909,52865,"#DC143C","#DC143C","DEM",310676,2016
"264","Utah",2948427,1903500,1017440,1131430,2339279,30243,397915,609147.999999999,244784,1465372,1457860,295342,149596.423090837,246321.520154249,2007522.2067688,137805.536573178,1930608.36079973,273974.472384909,52865,"#DC143C","#DC143C","OTH",305523,2016
"265","Vermont",626249,493535,299290,315077,585154,7050,10900,41095,27555,317538,224884,106193,31210.0074470424,50469.6885720127,397827.357438413,47244.0217372527,397011.837868906,381331.207320301,53789.5,"#00008B","#00008B","REP",92698,2012
"266","Vermont",626249,493535,299290,315077,585154,7050,10900,41095,27555,317538,224884,106193,31210.0074470424,50469.6885720127,397827.357438413,47244.0217372527,397011.837868906,381331.207320301,53789.5,"#00008B","#00008B","DEM",199239,2012
"267","Vermont",626249,493535,299290,315077,585154,7050,10900,41095,27555,317538,224884,106193,31210.0074470424,50469.6885720127,397827.357438413,47244.0217372527,397011.837868906,381331.207320301,53789.5,"#00008B","#00008B","OTH",7353,2012
"268","Vermont",626249,493535,299290,315077,585154,7050,10900,41095,27555,317538,224884,106193,31210.0074470424,50469.6885720127,397827.357438413,47244.0217372527,397011.837868906,381331.207320301,53789.5,"#00008B","#00008B","REP",95369,2016
"269","Vermont",626249,493535,299290,315077,585154,7050,10900,41095,27555,317538,224884,106193,31210.0074470424,50469.6885720127,397827.357438413,47244.0217372527,397011.837868906,381331.207320301,53789.5,"#00008B","#00008B","DEM",178573,2016
"270","Vermont",626249,493535,299290,315077,585154,7050,10900,41095,27555,317538,224884,106193,31210.0074470424,50469.6885720127,397827.357438413,47244.0217372527,397011.837868906,381331.207320301,53789.5,"#00008B","#00008B","OTH",41135,2016
"271","Virginia",8310301,5998900,3851684,3984631,5245259,1568053,725092,3065042,986495,4224018,3269724,1144817,503383.848982781,937787.562182039,5234860.16783696,631177.564064905,4784274.75729863,1991141.80527144,49639,"#00008B","#00008B","REP",1820995,2012
"272","Virginia",8310301,5998900,3851684,3984631,5245259,1568053,725092,3065042,986495,4224018,3269724,1144817,503383.848982781,937787.562182039,5234860.16783696,631177.564064905,4784274.75729863,1991141.80527144,49639,"#00008B","#00008B","DEM",1970595,2012
"273","Virginia",8310301,5998900,3851684,3984631,5245259,1568053,725092,3065042,986495,4224018,3269724,1144817,503383.848982781,937787.562182039,5234860.16783696,631177.564064905,4784274.75729863,1991141.80527144,49639,"#00008B","#00008B","OTH",60094,2012
"274","Virginia",8310301,5998900,3851684,3984631,5245259,1568053,725092,3065042,986495,4224018,3269724,1144817,503383.848982781,937787.562182039,5234860.16783696,631177.564064905,4784274.75729863,1991141.80527144,49639,"#00008B","#00008B","REP",1769443,2016
"275","Virginia",8310301,5998900,3851684,3984631,5245259,1568053,725092,3065042,986495,4224018,3269724,1144817,503383.848982781,937787.562182039,5234860.16783696,631177.564064905,4784274.75729863,1991141.80527144,49639,"#00008B","#00008B","DEM",1981473,2016
"276","Virginia",8310301,5998900,3851684,3984631,5245259,1568053,725092,3065042,986495,4224018,3269724,1144817,503383.848982781,937787.562182039,5234860.16783696,631177.564064905,4784274.75729863,1991141.80527144,49639,"#00008B","#00008B","OTH",233715,2016
"277","Washington",7073146,5008030,3125516,3209214,4978375,246909,854275,2094771,957185,3543715,2783030,992841.999999999,490993.378914147,677515.805884357,4718994.41430324,403455.609206737,4555488.37507683,1107902.02613602,50145,"#00008B","#00008B","REP",1290670,2012
"278","Washington",7073146,5008030,3125516,3209214,4978375,246909,854275,2094771,957185,3543715,2783030,992841.999999999,490993.378914147,677515.805884357,4718994.41430324,403455.609206737,4555488.37507683,1107902.02613602,50145,"#00008B","#00008B","DEM",1755396,2012
"279","Washington",7073146,5008030,3125516,3209214,4978375,246909,854275,2094771,957185,3543715,2783030,992841.999999999,490993.378914147,677515.805884357,4718994.41430324,403455.609206737,4555488.37507683,1107902.02613602,50145,"#00008B","#00008B","OTH",79450,2012
"280","Washington",7073146,5008030,3125516,3209214,4978375,246909,854275,2094771,957185,3543715,2783030,992841.999999999,490993.378914147,677515.805884357,4718994.41430324,403455.609206737,4555488.37507683,1107902.02613602,50145,"#00008B","#00008B","REP",1221747,2016
"281","Washington",7073146,5008030,3125516,3209214,4978375,246909,854275,2094771,957185,3543715,2783030,992841.999999999,490993.378914147,677515.805884357,4718994.41430324,403455.609206737,4555488.37507683,1107902.02613602,50145,"#00008B","#00008B","DEM",1742718,2016
"282","Washington",7073146,5008030,3125516,3209214,4978375,246909,854275,2094771,957185,3543715,2783030,992841.999999999,490993.378914147,677515.805884357,4718994.41430324,403455.609206737,4555488.37507683,1107902.02613602,50145,"#00008B","#00008B","OTH",244749,2016
"283","West Virginia",1846092,1453210,670440,713051,1706156,62385,26247,139936,28908,933822,657591,328124,141758.373704369,268997.027534389,1480784.29712645,269178.907454747,1482913.12520497,941179.794967167,39381,"#DC143C","#DC143C","REP",417655,2012
"284","West Virginia",1846092,1453210,670440,713051,1706156,62385,26247,139936,28908,933822,657591,328124,141758.373704369,268997.027534389,1480784.29712645,269178.907454747,1482913.12520497,941179.794967167,39381,"#DC143C","#DC143C","DEM",238269,2012
"285","West Virginia",1846092,1453210,670440,713051,1706156,62385,26247,139936,28908,933822,657591,328124,141758.373704369,268997.027534389,1480784.29712645,269178.907454747,1482913.12520497,941179.794967167,39381,"#DC143C","#DC143C","OTH",14516,2012
"286","West Virginia",1846092,1453210,670440,713051,1706156,62385,26247,139936,28908,933822,657591,328124,141758.373704369,268997.027534389,1480784.29712645,269178.907454747,1482913.12520497,941179.794967167,39381,"#DC143C","#DC143C","REP",489371,2016
"287","West Virginia",1846092,1453210,670440,713051,1706156,62385,26247,139936,28908,933822,657591,328124,141758.373704369,268997.027534389,1480784.29712645,269178.907454747,1482913.12520497,941179.794967167,39381,"#DC143C","#DC143C","DEM",188794,2016
"288","West Virginia",1846092,1453210,670440,713051,1706156,62385,26247,139936,28908,933822,657591,328124,141758.373704369,268997.027534389,1480784.29712645,269178.907454747,1482913.12520497,941179.794967167,39381,"#DC143C","#DC143C","OTH",34886,2016
"289","Wisconsin",5754798,4313285,3071434,2975753,4727553,355387,371205,1027245,277238,2895743,2221833,875220,319903.23732184,497832.407330197,4112644.96010388,365012.746344339,3990383.30903566,1704051.37123417,51411.5,"#00008B","#DC143C","REP",1410966,2012
"290","Wisconsin",5754798,4313285,3071434,2975753,4727553,355387,371205,1027245,277238,2895743,2221833,875220,319903.23732184,497832.407330197,4112644.96010388,365012.746344339,3990383.30903566,1704051.37123417,51411.5,"#00008B","#DC143C","DEM",1620985,2012
"291","Wisconsin",5754798,4313285,3071434,2975753,4727553,355387,371205,1027245,277238,2895743,2221833,875220,319903.23732184,497832.407330197,4112644.96010388,365012.746344339,3990383.30903566,1704051.37123417,51411.5,"#00008B","#DC143C","OTH",39483,2012
"292","Wisconsin",5754798,4313285,3071434,2975753,4727553,355387,371205,1027245,277238,2895743,2221833,875220,319903.23732184,497832.407330197,4112644.96010388,365012.746344339,3990383.30903566,1704051.37123417,51411.5,"#00008B","#DC143C","REP",1404440,2016
"293","Wisconsin",5754798,4313285,3071434,2975753,4727553,355387,371205,1027245,277238,2895743,2221833,875220,319903.23732184,497832.407330197,4112644.96010388,365012.746344339,3990383.30903566,1704051.37123417,51411.5,"#00008B","#DC143C","DEM",1381823,2016
"294","Wisconsin",5754798,4313285,3071434,2975753,4727553,355387,371205,1027245,277238,2895743,2221833,875220,319903.23732184,497832.407330197,4112644.96010388,365012.746344339,3990383.30903566,1704051.37123417,51411.5,"#00008B","#DC143C","OTH",189490,2016
"295","Wyoming",583029,432375,249061,255849,491859,6176,56386.0000000001,91170,20712,285338,236650,80707.0000000001,28797.39677706,44311.0697992047,430931.68498239,33348.1716727358,421454.866630075,203656.580744948,55640,"#DC143C","#DC143C","REP",170962,2012
"296","Wyoming",583029,432375,249061,255849,491859,6176,56386.0000000001,91170,20712,285338,236650,80707.0000000001,28797.39677706,44311.0697992047,430931.68498239,33348.1716727358,421454.866630075,203656.580744948,55640,"#DC143C","#DC143C","DEM",69286,2012
"297","Wyoming",583029,432375,249061,255849,491859,6176,56386.0000000001,91170,20712,285338,236650,80707.0000000001,28797.39677706,44311.0697992047,430931.68498239,33348.1716727358,421454.866630075,203656.580744948,55640,"#DC143C","#DC143C","OTH",8813,2012
"298","Wyoming",583029,432375,249061,255849,491859,6176,56386.0000000001,91170,20712,285338,236650,80707.0000000001,28797.39677706,44311.0697992047,430931.68498239,33348.1716727358,421454.866630075,203656.580744948,55640,"#DC143C","#DC143C","REP",174419,2016
"299","Wyoming",583029,432375,249061,255849,491859,6176,56386.0000000001,91170,20712,285338,236650,80707.0000000001,28797.39677706,44311.0697992047,430931.68498239,33348.1716727358,421454.866630075,203656.580744948,55640,"#DC143C","#DC143C","DEM",55973,2016
"300","Wyoming",583029,432375,249061,255849,491859,6176,56386.0000000001,91170,20712,285338,236650,80707.0000000001,28797.39677706,44311.0697992047,430931.68498239,33348.1716727358,421454.866630075,203656.580744948,55640,"#DC143C","#DC143C","OTH",25457,2016
